年,月,日,日平均気温,日最高気温,日最低気温,日降水量,
2019,1,1,13.7,22.2,6.5,0.0,
2019,1,2,14.2,23.4,6.7,0.0,
2019,1,3,13.6,23.4,7.1,0.0,
2019,1,4,12.4,20.5,5.4,0.0,
2019,1,5,13.8,21.2,8.6,0.8,
2019,1,6,14.2,21.2,7.1,2.0,
2019,1,7,13.6,20.1,7.0,0.0,
2019,1,8,13.5,20.1,8.0,0.0,
2019,1,9,14.2,19.7,6.0,0.0,
2019,1,10,13.0,21.2,4.8,0.0,
2019,1,11,13.1,22.3,7.1,0.0,
2019,1,12,14.6,22.9,8.5,0.0,
2019,1,13,16.1,23.5,8.0,0.0,
2019,1,14,13.6,23.5,6.0,0.0,
2019,1,15,11.7,19.5,4.5,0.0,
2019,1,16,12.8,21.3,4.2,0.0,
2019,1,17,13.7,22.2,4.8,0.0,
2019,1,18,13.5,22.2,5.7,0.0,
2019,1,19,15.3,25.9,7.0,0.0,
2019,1,20,18.0,28.7,11.5,0.0,
2019,1,21,16.4,28.7,12.5,13.0,
2019,1,22,15.2,22.6,8.0,28.0,
2019,1,23,14.2,19.9,9.7,0.0,
2019,1,24,14.8,22.0,10.0,6.0,
2019,1,25,13.9,22.0,6.0,0.0,
2019,1,26,12.6,19.2,5.2,0.0,
2019,1,27,11.4,19.2,5.5,0.0,
2019,1,28,12.8,18.9,5.4,0.0,
2019,1,29,13.2,20.6,5.2,0.0,
2019,1,30,13.6,20.9,8.2,0.0,
2019,1,31,14.7,21.5,11.0,0.0,
2019,2,1,15.6,22.5,8.2,0.0,
2019,2,2,12.5,22.5,9.4,0.0,
2019,2,3,13.5,19.9,8.0,0.0,
2019,2,4,15.0,23.2,9.0,0.0,
2019,2,5,17.2,25.0,12.0,0.0,
2019,2,6,18.7,25.1,15.0,0.8,
2019,2,7,16.2,25.1,7.0,5.0,
2019,2,8,14.2,20.6,8.4,0.0,
2019,2,9,14.2,20.6,6.0,0.0,
2019,2,10,14.0,21.6,7.0,0.0,
2019,2,11,15.0,22.3,10.6,0.0,
2019,2,12,16.6,23.6,11.4,0.0,
2019,2,13,18.3,25.3,13.9,0.0,
2019,2,14,17.3,25.3,11.8,10.0,
2019,2,15,16.9,23.0,13.0,0.0,
2019,2,16,15.5,22.0,10.5,0.0,
2019,2,17,16.2,21.9,11.2,0.0,
2019,2,18,18.4,25.8,12.0,2.0,
2019,2,19,18.2,25.8,14.5,2.0,
2019,2,20,18.0,24.5,13.2,0.8,
2019,2,21,21.3,28.1,16.0,0.0,
2019,2,22,18.8,28.1,10.5,0.0,
2019,2,23,16.7,23.4,11.8,0.0,
2019,2,24,17.3,23.8,9.2,0.0,
2019,2,25,16.7,25.4,10.3,2.0,
2019,2,26,15.3,25.4,9.5,0.2,
2019,2,27,14.5,21.0,6.8,0.0,
2019,2,28,14.6,22.0,6.8,0.0,
2019,3,1,16.0,24.1,13.0,0.0,
2019,3,2,15.2,24.1, ,9.0,
2019,3,3,17.3,22.7,11.2,0.2,
2019,3,4,18.9,23.9,12.0,0.0,
2019,3,5,17.7,23.9,11.0,0.0,
2019,3,6,17.4,24.5,9.0,0.0,
2019,3,7,18.5,26.5,10.8,0.0,
2019,3,8,19.8,26.5,12.6,0.0,
2019,3,9,19.8,26.5,10.8,0.0,
2019,3,10,19.2,27.0,12.4,0.0,
2019,3,11,21.9,28.4,12.8,0.6,
2019,3,12,21.4,28.4,15.0,0.0,
2019,3,13,19.5,27.4,11.8,0.0,
2019,3,14,17.6,25.0,10.4,0.9,
2019,3,15,19.3,25.8,12.5,0.0,
2019,3,16,19.6,26.4,13.8,0.0,
2019,3,17,21.1,28.6,12.0,0.0,
2019,3,18,20.7,28.6,12.8,0.0,
2019,3,19,22.8,31.8,15.5,0.0,
2019,3,20,25.2,34.1,16.6,0.0,
2019,3,21,24.7,34.1,15.5,0.0,
2019,3,22,23.2,31.6,16.6,0.0,
2019,3,23,24.0,30.3,15.4,0.0,
2019,3,24,24.1,32.1,17.6,0.0,
2019,3,25,23.5,32.1,16.2,0.0,
2019,3,26,23.5,30.4,15.0,0.0,
2019,3,27,23.8,31.6,16.2,0.0,
2019,3,28,26.5,35.5,18.6,0.0,
2019,3,29,28.4,36.9,20.2,0.0,
2019,3,30,29.7,39.2,21.0,0.3,
2019,3,31,28.0,39.2,17.6,0.0,
2019,4,1,27.0,34.3,16.2,0.0,
2019,4,2,26.2,35.3,17.6,0.0,
2019,4,3,27.5,36.8,18.7,0.0,
2019,4,4,29.1,38.2,20.0,0.0,
2019,4,5,31.2,39.3,22.4,0.0,
2019,4,6,31.2,39.3,25.6,0.0,
2019,4,7,29.8,37.8,20.2,6.0,
2019,4,8,27.6,36.4,20.4,0.0,
2019,4,9,29.0,37.1,20.0,0.0,
2019,4,10,31.5,38.7,23.0,0.0,
2019,4,11,31.2,38.7,23.2,0.0,
2019,4,12,30.2,38.7,21.6,0.2,
2019,4,13,30.9,38.7,21.8,0.0,
2019,4,14,31.4,38.1,25.5,0.0,
2019,4,15,32.9,40.0,20.5,0.0,
2019,4,16,26.4,40.0,19.0,1.0,
2019,4,17,22.7,30.7,17.1,0.5,
2019,4,18,24.8,30.7,18.2,0.0,
2019,4,19,26.4,32.6,19.8,0.0,
2019,4,20,27.8,35.4,20.6,0.0,
2019,4,21,30.0,37.2,22.0,0.0,
2019,4,22,31.2,38.5,22.2,0.0,
2019,4,23,32.7,40.3,27.1,0.0,
2019,4,24,34.9,41.7,28.0,0.0,
2019,4,25,33.6,42.1,24.2,0.0,
2019,4,26,33.1,42.1,25.6,0.0,
2019,4,27,34.4,41.9,25.4,0.0,
2019,4,28,33.6,41.2,23.4,0.0,
2019,4,29,33.1,42.0,23.0,0.0,
2019,4,30,34.8,43.7,24.4,0.0,
2019,5,1,33.0,43.7,25.8,0.0,
2019,5,2,32.4,41.3,24.8,0.0,
2019,5,3,31.1,41.0,22.4,4.0,
2019,5,4,30.9,39.5,19.8,0.0,
2019,5,5,31.0,39.8,22.4,0.0,
2019,5,6,31.9,41.2,21.8,0.0,
2019,5,7,32.5,41.3,23.6,0.0,
2019,5,8,33.6,41.8,26.4,0.0,
2019,5,9,35.0,41.8,29.4,0.0,
2019,5,10,34.7,41.8,24.4,0.0,
2019,5,11,32.8,41.2,25.2,0.0,
2019,5,12,32.4,38.8,25.4,0.0,
2019,5,13,31.7,40.2,20.8,3.0,
2019,5,14,29.7,40.2,24.3,0.0,
2019,5,15,28.9,35.7,23.4,1.0,
2019,5,16,30.3,36.7,24.6,0.0,
2019,5,17,27.4,37.4,19.5,11.0,
2019,5,18,27.7,37.4,23.2,0.0,
2019,5,19,30.5,37.2,22.8,0.0,
2019,5,20,33.0,40.3,25.2,0.0,
2019,5,21,34.0,41.0,26.4,0.0,
2019,5,22,32.5,41.0,26.0,0.0,
2019,5,23,32.2,40.4,23.8,6.0,
2019,5,24,29.1,40.4,24.5,0.0,
2019,5,25,31.7,37.5,23.0,0.0,
2019,5,26,32.4,39.3,25.4,0.0,
2019,5,27,33.6,41.9,23.0,0.0,
2019,5,28,33.7,41.9,24.6,0.0,
2019,5,29,34.7,43.1,26.8,0.0,
2019,5,30,36.0,44.7,28.4,0.0,
2019,5,31,36.8,44.8,27.6,0.0,
2019,6,1,36.5,44.8,30.8,0.0,
2019,6,2,36.8,43.5,29.4,0.0,
2019,6,3,35.2,42.5,28.7,0.0,
2019,6,4,35.3,41.5,29.8,0.0,
2019,6,5,36.7,42.5,28.6,0.0,
2019,6,6,36.0,43.9,26.4,0.0,
2019,6,7,33.7,43.9,28.0,0.0,
2019,6,8,35.9,42.7,27.2,0.0,
2019,6,9,35.8,43.8,27.4,0.0,
2019,6,10,37.2,45.6,30.4,0.0,
2019,6,11,38.3,45.6,31.0,0.0,
2019,6,12,35.1,44.5,29.0,0.0,
2019,6,13,36.2,41.6,29.6,0.0,
2019,6,14,35.8,41.4,27.8,0.0,
2019,6,15,36.7,43.7,28.2,0.0,
2019,6,16,31.2,43.4,28.0,0.6,
2019,6,17,29.1,36.3,20.6,9.0,
2019,6,18,27.9,35.0,24.2,0.0,
2019,6,19,31.1,36.8,25.4,0.0,
2019,6,20,32.4,38.8,28.2,0.0,
2019,6,21,33.9,39.4,27.2,0.0,
2019,6,22,34.6,40.3,28.6,0.0,
2019,6,23,34.4,40.5,27.4,0.0,
2019,6,24,31.5,40.5,27.8,0.0,
2019,6,25,33.5,39.0,29.6,0.0,
2019,6,26,35.3,41.1,28.6,0.0,
2019,6,27,34.6,41.1,27.2,0.0,
2019,6,28,34.7,41.5,30.0,0.0,
2019,6,29,37.0,42.3,32.0,0.0,
2019,6,30,37.1,42.3,30.6,0.0,
2019,7,1,36.2,42.2,30.0,0.0,
2019,7,2,35.1,41.6,24.0,0.0,
2019,7,3,34.7,39.4,31.2,0.0,
2019,7,4,31.6,39.4,26.9,1.0,
2019,7,5,28.8,38.6,26.5,25.0,
2019,7,6,32.2,37.0,27.6,0.0,
2019,7,7,32.4,37.0,28.6,0.0,
2019,7,8,32.7,36.7,28.8,0.0,
2019,7,9,31.0,36.7,28.2,0.4,
2019,7,10,33.7,37.2,31.0,0.0,
2019,7,11,34.9,39.2,30.6,0.0,
2019,7,12,34.4,39.2,31.3,0.0,
2019,7,13,34.7,39.6,30.2,0.0,
2019,7,14,33.7,39.6,26.6,0.0,
2019,7,15,27.7,37.7,24.0,29.0,
2019,7,16,28.8,34.7,24.2,8.0,
2019,7,17,27.6,33.4,23.5,10.0,
2019,7,18,26.9,31.7,25.0,4.0,
2019,7,19,31.8,36.4,28.8,0.0,
2019,7,20,30.9,36.7,26.8,9.0,
2019,7,21,29.0,36.7,24.6,50.0,
2019,7,22,30.1,36.5,28.2,4.0,
2019,7,23,33.5,37.6,29.2,0.0,
2019,7,24,32.8,37.8,25.0,21.0,
2019,7,25,28.3,37.8,26.2,0.5,
2019,7,26,28.3,32.5,25.4,11.0,
2019,7,27,28.3,32.5,25.8,3.0,
2019,7,28,30.0,34.4, ,6.0,
2019,7,29,31.5,36.1,27.4,0.0,
2019,7,30,30.9,36.1,27.8,0.0,
2019,7,31,31.4,35.1,27.8,0.0,
2019,8,1,32.5,36.9,28.3,0.0,
2019,8,2,31.0,36.9,27.4,0.0,
2019,8,3,28.9,34.6,27.2,0.4,
2019,8,4,29.9,35.8,27.2,0.8,
2019,8,5,31.4,37.4,26.7,0.4,
2019,8,6,27.5,37.4,25.6,22.0,
2019,8,7,30.8,35.5,27.5,0.0,
2019,8,8,32.4,37.9,28.4,0.0,
2019,8,9,31.4,37.9,27.2,0.9,
2019,8,10,30.5,34.3,27.6,0.0,
2019,8,11,32.3,36.2,28.0,0.0,
2019,8,12,30.5,36.2,27.4,2.0,
2019,8,13,29.4,35.5,25.6,11.0,
2019,8,14,30.0,35.5,24.8,10.0,
2019,8,15,30.4,34.8,26.6,0.0,
2019,8,16,29.5,34.8,25.2,7.0,
2019,8,17,26.8,32.5,24.8,44.0,
2019,8,18,27.5,29.7,23.6,2.0,
2019,8,19,30.1,34.4,25.6,0.0,
2019,8,20,30.7,34.6,24.8,0.0,
2019,8,21,31.5,36.1,24.5,0.0,
2019,8,22,29.5,36.1,24.6,0.2,
2019,8,23,31.3,36.2,28.0,0.6,
2019,8,24,30.1,36.2,26.8,0.0,
2019,8,25,28.2,34.1,25.7,3.0,
2019,8,26,31.2,34.1,27.4,0.0,
2019,8,27,32.3,36.8,28.2,0.0,
2019,8,28,33.2,38.1,29.2,0.0,
2019,8,29,32.8,38.2,28.0,0.0,
2019,8,30,32.2,38.2,29.2,0.0,
2019,8,31,32.8,37.0,26.4,0.8,
2019,9,1,30.3,37.0,27.1,0.4,
2019,9,2,32.6,36.6,27.8,0.0,
2019,9,3,32.1,36.6,27.6,0.0,
2019,9,4,31.8,36.2,28.3,0.0,
2019,9,5,32.3,36.4,28.2,0.0,
2019,9,6,31.4,37.2,27.8,0.0,
2019,9,7,29.9,37.2,26.4,47.0,
2019,9,8,31.7,35.5,28.3,47.0,
2019,9,9,32.4,36.4,27.6,0.0,
2019,9,10,32.6,37.5,28.2,0.0,
2019,9,11,33.3,38.2,29.6,0.0,
2019,9,12,32.4,38.2,27.8,0.0,
2019,9,13,32.4,37.1,27.6,0.0,
2019,9,14,31.4,36.4,27.3,0.0,
2019,9,15,30.6,35.2,27.1,2.0,
2019,9,16,31.1,34.6,27.5,0.0,
2019,9,17,31.3,36.8,26.2,0.0,
2019,9,18,30.9,36.8,25.1,0.0,
2019,9,19,28.7,35.1,24.9,0.0,
2019,9,20,30.4,35.3,26.3,0.0,
2019,9,21,27.7,35.3,23.7,23.0,
2019,9,22,26.8,35.2,24.0,0.0,
2019,9,23,28.1,32.5,23.9,0.0,
2019,9,24,28.8,34.2,24.5,0.0,
2019,9,25,28.7,35.1,25.8,0.0,
2019,9,26,29.4,35.1,25.4,0.0,
2019,9,27,28.0,34.0,24.1,0.0,
2019,9,28,27.8,33.0,24.2,0.2,
2019,9,29,27.2,33.0,23.8,0.0,
2019,9,30,27.4,32.0,23.8,0.0,
2019,10,1,27.9,32.8,23.4,0.0,
2019,10,2,28.3,33.5,23.8,0.0,
2019,10,3,28.1,34.8,19.8,47.0,
2019,10,4,26.4,34.8,21.0,0.0,
2019,10,5,26.4,32.6,21.1,0.0,
2019,10,6,26.9,32.9,22.4,0.0,
2019,10,7,27.0,32.9,20.2,0.0,
2019,10,8,26.1,32.0,20.3,0.0,
2019,10,9,26.9,33.7,21.0,0.0,
2019,10,10,26.6,33.9,20.3,0.0,
2019,10,11,27.1,33.9,20.6,0.0,
2019,10,12,27.0,33.2,20.8,0.0,
2019,10,13,26.6,33.2,20.6,0.0,
2019,10,14,26.6,33.9,20.4,0.0,
2019,10,15,27.4,34.8,21.2,0.0,
2019,10,16,27.6,34.8,21.4,0.0,
2019,10,17,27.2,33.9,21.2,0.0,
2019,10,18,27.4,34.7,19.8,0.0,
2019,10,19,26.7,34.7,19.0,0.0,
2019,10,20,25.0,32.6,17.2,0.0,
2019,10,21,24.4,32.5,17.5,0.0,
2019,10,22,24.1,31.8,16.5,0.0,
2019,10,23,24.0,32.4,17.7,0.0,
2019,10,24,24.5,32.4,18.2,0.0,
2019,10,25,24.2,32.1,17.6,0.0,
2019,10,26,24.2,30.9,17.4,0.0,
2019,10,27,24.2,31.5,17.7,0.0,
2019,10,28,24.6,31.5,18.4,0.0,
2019,10,29,22.9,30.2,20.2,0.0,
2019,10,30,24.2,30.8,16.8,0.0,
2019,10,31,23.5,31.6,17.1,0.0,
2019,11,1,24.5,31.7,18.8,0.0,
2019,11,2,23.6,31.7,18.7,0.0,
2019,11,3,22.6,29.5,18.9,0.0,
2019,11,4,23.4,29.6,17.5,0.0,
2019,11,5,23.2,30.6,15.2,0.0,
2019,11,6,23.5,32.3,18.2,0.0,
2019,11,7,20.3,32.3,15.6,0.8,
2019,11,8,22.4,30.1,15.6,0.0,
2019,11,9,21.9,30.1,14.5,0.0,
2019,11,10,21.2,29.8,13.5,0.0,
2019,11,11,20.2,29.1,11.7,0.0,
2019,11,12,19.8,29.5,13.4,0.0,
2019,11,13,20.5,28.3,15.4,0.0,
2019,11,14,20.4,28.3,16.0,0.0,
2019,11,15,21.5,27.8,15.4,0.0,
2019,11,16,22.2,29.3,16.2,0.0,
2019,11,17,21.9,29.3,15.3,0.0,
2019,11,18,19.7,29.0,12.3,0.0,
2019,11,19,19.3,27.1,11.4,0.0,
2019,11,20,19.7,28.9,12.5,0.0,
2019,11,21,19.4,28.9,11.8,0.0,
2019,11,22,20.2,28.6,14.7,0.0,
2019,11,23,20.4,27.7,15.3,0.0,
2019,11,24,20.8,26.8,13.7,0.0,
2019,11,25,20.3,27.2,16.2,0.0,
2019,11,26,22.0,27.9,14.5,0.0,
2019,11,27,20.4,27.9,16.2,0.0,
2019,11,28,18.6,27.4,12.5,0.0,
2019,11,29,18.3,24.9,12.0,0.0,
2019,11,30,16.9,24.9,9.4,0.0,
2019,12,1,16.0,23.4,8.0,0.0,
2019,12,2,15.3,23.4,9.1,0.0,
2019,12,3,16.1,24.4,7.9,0.0,
2019,12,4,15.2,24.4,7.6,0.0,
2019,12,5,14.9,24.0,8.4,0.0,
2019,12,6,16.2,24.2,9.3,0.0,
2019,12,7,16.4,24.8,8.7,0.0,
2019,12,8,16.0,24.8,7.7,0.0,
2019,12,9,15.2,23.8,7.4,0.0,
2019,12,10,15.5,23.5,7.9,0.0,
2019,12,11,15.9,23.2,12.8,0.0,
2019,12,12,16.8,23.2,12.8,33.0,
2019,12,13,15.2,21.5,9.7,0.4,
2019,12,14,15.1,18.7,9.8,0.0,
2019,12,15,14.4,19.8,10.2,0.0,
2019,12,16,11.4,19.8,10.4,0.0,
2019,12,17,10.8,12.9,7.0,0.0,
2019,12,18,11.7,18.0,5.2,0.0,
2019,12,19,10.1,18.0,6.4,0.0,
2019,12,20,12.1,17.5,9.5,0.0,
2019,12,21,12.8,18.0,7.4,0.0,
2019,12,22,11.2,18.0,8.3,0.0,
2019,12,23,9.9,14.6,5.7,0.0,
2019,12,24,11.0,17.2,6.0,0.0,
2019,12,25,8.9,17.2,5.8,0.0,
2019,12,26,8.5,13.4,4.2,0.0,
2019,12,27,9.1,14.4,2.4,0.0,
2019,12,28,6.7,14.4,3.4,0.0,
2019,12,29,8.6,15.8,2.6,0.0,
2019,12,30,6.8,15.8,4.8,0.0,
2019,12,31,8.7,14.7,2.4,0.0,
2020,1,1,11.2,20.5,4.6,0.0,
2020,1,2,14.1,23.0,7.6,0.0,
2020,1,3,15.3,23.5,8.0,0.0,
2020,1,4,14.1,23.5,7.0,0.0,
2020,1,5,14.4,21.6,9.9,0.0,
2020,1,6,14.8,21.2,11.6,0.0,
2020,1,7,15.6,19.1,12.5,6.0,
2020,1,8,13.3,19.0,8.4,11.0,
2020,1,9,10.6,15.0,5.3,0.0,
2020,1,10,11.2,17.5,5.8,0.0,
2020,1,11,12.3,19.9,7.1,0.0,
2020,1,12,14.3,23.4,8.0,0.0,
2020,1,13,15.3,23.4,10.5,0.8,
2020,1,14,13.1,19.9,6.4,0.0,
2020,1,15,13.6,19.9,9.5,0.0,
2020,1,16,13.1,19.9,11.3,6.0,
2020,1,17,13.3,17.7,8.4,0.0,
2020,1,18,12.4,17.7,7.0,0.0,
2020,1,19,11.3,17.7,8.3,0.0,
2020,1,20,12.1,16.7,9.2,0.0,
2020,1,21,13.8,20.2,7.1,0.0,
2020,1,22,12.5,20.2,9.0,0.0,
2020,1,23,14.2,20.2,8.2,0.0,
2020,1,24,13.6,21.1,4.8,0.0,
2020,1,25,13.6,21.4,6.9,0.0,
2020,1,26,14.3,22.7,8.5,0.0,
2020,1,27,15.6,23.0,10.5,0.8,
2020,1,28,16.0,23.0,10.2,8.0,
2020,1,29,14.3,22.2,8.0,0.0,
2020,1,30,13.9,20.6,7.2,0.0,
2020,1,31,12.8,20.2,5.7,0.0,
2020,2,1,13.0,19.9,6.0,0.0,
2020,2,2,12.8,20.5,5.4,0.0,
2020,2,3,13.5,22.0,5.3,0.0,
2020,2,4,14.2,22.0,6.7,0.0,
2020,2,5,14.0,22.7,6.3,0.0,
2020,2,6,13.4,21.3,6.1,0.0,
2020,2,7,13.3,20.4,7.0,0.0,
2020,2,8,14.4,21.0,6.6,0.0,
2020,2,9,14.1,22.9,6.0,0.0,
2020,2,10,13.8,22.9,5.9,0.0,
2020,2,11,14.8,23.0,8.2,0.0,
2020,2,12,17.5,24.5,12.3,0.0,
2020,2,13,20.3,27.8,13.7,0.0,
2020,2,14,19.2,27.8,11.5,0.0,
2020,2,15,17.9,25.7,9.0,0.0,
2020,2,16,17.8,27.1,9.0,0.0,
2020,2,17,18.2,27.1,10.2,0.0,
2020,2,18,18.0,26.9,8.1,0.0,
2020,2,19,18.8,26.9,13.6,0.0,
2020,2,20,20.8,27.5,15.8,2.0,
2020,2,21,17.4,27.5,13.0,0.0,
2020,2,22,19.0,24.8,12.8,0.0,
2020,2,23,20.1,26.8,11.8,0.0,
2020,2,24,19.8,26.8,13.0,0.0,
2020,2,25,19.7,26.4,12.7,0.0,
2020,2,26,20.8,27.4,13.0,0.0,
2020,2,27,21.1,27.5,16.7,0.0,
2020,2,28,21.3,27.5,16.2,0.0,
2020,2,29,19.5,27.3,14.4,19.0,
2020,3,1,21.6,27.6,14.6,0.0,
2020,3,2,21.7,28.2,14.3,0.0,
2020,3,3,21.6,29.0,14.4,0.0,
2020,3,4,21.3,29.2,14.4,4.0,
2020,3,5,19.6,29.2,14.0,14.0,
2020,3,6,16.3,27.0,13.0,20.0,
2020,3,7,17.2,22.4,11.1,0.0,
2020,3,8,18.2,24.8,12.4,0.0,
2020,3,9,18.8,25.2,10.0,0.0,
2020,3,10,19.7,26.6,14.8,0.8,
2020,3,11,21.8,27.4,14.7,1.0,
2020,3,12,21.9,28.0,13.8,0.0,
2020,3,13,22.0,28.3,16.4,0.0,
2020,3,14,18.7,28.3,12.0,37.0,
2020,3,15,19.0,25.7,12.6,0.0,
2020,3,16,20.2,26.7,13.6,0.0,
2020,3,17,20.9,27.8,13.4,0.0,
2020,3,18,22.6,29.5,16.0,0.0,
2020,3,19,23.5,30.7,16.4,0.0,
2020,3,20,25.2,31.4,17.8,0.0,
2020,3,21,23.9,31.4,15.7,0.0,
2020,3,22,24.4,31.1,16.4,0.0,
2020,3,23,24.9,32.3,18.6,0.0,
2020,3,24,22.6,33.0,16.8,1.0,
2020,3,25,25.5,33.3,19.0,0.0,
2020,3,26,24.1,33.3,19.6,0.0,
2020,3,27,21.9,29.2,15.7,5.0,
2020,3,28,22.6,28.5,16.6,0.0,
2020,3,29,24.1,30.6,15.6,0.0,
2020,3,30,23.1,30.6,16.0,0.0,
2020,3,31,24.1,32.6,17.4,3.0,
2020,4,1,25.4,32.7,18.4,0.0,
2020,4,2,25.1,32.7,15.4,0.0,
2020,4,3,23.2,31.0,14.4,0.0,
2020,4,4,24.0,33.3,16.5,0.0,
2020,4,5,25.8,33.6,18.5,0.0,
2020,4,6,28.5,35.8,17.6,0.0,
2020,4,7,26.4,35.8,19.8,0.0,
2020,4,8,26.3,34.2,16.6,0.0,
2020,4,9,23.9,33.5,17.0,0.0,
2020,4,10,27.2,36.2,19.1,0.0,
2020,4,11,29.5,36.9,20.3,0.0,
2020,4,12,28.6,37.2,20.6,0.0,
2020,4,13,30.7,38.1,23.2,0.0,
2020,4,14,31.2,39.7,24.0,0.0,
2020,4,15,31.7,40.1,21.9,0.0,
2020,4,16,30.5,40.1,25.7,0.0,
2020,4,17,31.6,39.6,22.6,2.0,
2020,4,18,29.0,37.8,19.0,7.0,
2020,4,19,27.6,37.3,20.2,0.0,
2020,4,20,26.4,35.2,19.2,0.0,
2020,4,21,27.1,34.8,18.8,0.0,
2020,4,22,28.3,36.1,23.2,0.0,
2020,4,23,28.6,36.1,20.2,0.0,
2020,4,24,29.8,38.4,23.8,0.0,
2020,4,25,30.7,38.4,23.8,0.0,
2020,4,26,25.8,37.9,18.9,2.0,
2020,4,27,27.0,33.8,22.1,0.0,
2020,4,28,29.2,33.8,22.8,0.0,
2020,4,29,30.4,36.9,25.0,0.0,
2020,4,30,31.4,38.8,24.6,0.0,
2020,5,1,32.1,38.8,24.4,0.0,
2020,5,2,31.3,38.8,25.6,0.0,
2020,5,3,28.0,37.9,20.2,0.6,
2020,5,4,28.2,35.7,22.9,0.0,
2020,5,5,30.9,37.5,23.8,0.0,
2020,5,6,29.9,37.5,21.6,0.0,
2020,5,7,29.8,37.5,23.7,0.0,
2020,5,8,32.0,39.5,26.2,0.0,
2020,5,9,33.9,40.9,27.1,0.0,
2020,5,10,29.3,40.9,20.7,1.0,
2020,5,11,29.6,35.5,24.3,0.0,
2020,5,12,31.4,37.2,26.3,0.0,
2020,5,13,30.3,37.2,23.6,0.0,
2020,5,14,31.3,39.7,23.6,0.4,
2020,5,15,32.3,39.7,23.9,0.0,
2020,5,16,31.7,40.7,23.6,0.0,
2020,5,17,32.2,40.7,23.1,0.0,
2020,5,18,32.1,40.7,22.1,0.0,
2020,5,19,32.3,40.7,22.0,0.0,
2020,5,20,32.8,40.7,24.8,0.0,
2020,5,21,33.4,42.7,23.7,0.0,
2020,5,22,35.0,43.8,26.2,0.0,
2020,5,23,36.7,44.7,28.7,0.0,
2020,5,24,36.7,44.7,27.2,0.0,
2020,5,25,36.1,44.4,28.2,0.0,
2020,5,26,37.6,46.0,28.4,0.0,
2020,5,27,37.8,46.0,29.6,0.0,
2020,5,28,32.7,45.9,22.6,5.0,
2020,5,29,29.0,40.3,22.2,4.0,
2020,5,30,29.3,37.0,20.0,9.0,
2020,5,31,25.2,34.8,21.0,3.0,
2020,6,1,29.3,35.4,24.8,0.0,
2020,6,2,31.4,36.9,24.9,0.0,
2020,6,3,30.6,36.9,24.9,0.5,
2020,6,4,29.6,36.4,25.0,0.0,
2020,6,5,28.5,36.1,24.0,1.0,
2020,6,6,30.9,36.8,23.2,0.0,
2020,6,7,29.0,36.8,25.2,6.0,
2020,6,8,31.7,37.6,26.9,0.0,
2020,6,9,34.3,40.6,26.6,0.0,
2020,6,10,34.3,41.5,27.4,0.4,
2020,6,11,35.1,41.5,30.3,0.0,
2020,6,12,35.9,41.5,30.2,0.0,
2020,6,13,33.2,41.5,28.0,0.0,
2020,6,14,35.2,40.8,28.6,0.0,
2020,6,15,36.0,41.4,30.2,0.0,
2020,6,16,35.6,42.2,29.5,0.0,
2020,6,17,35.7,42.2,28.6,0.0,
2020,6,18,36.5,42.5,29.8,0.0,
2020,6,19,36.1,42.5,22.4,5.0,
2020,6,20,30.4,41.2,24.6,1.0,
2020,6,21,32.1,38.1,23.2,0.0,
2020,6,22,32.4,36.7,27.8,44.0,
2020,6,23,33.0,37.0,28.2,0.0,
2020,6,24,30.6,37.0,26.8,15.0,
2020,6,25,31.4,36.6,27.2,2.0,
2020,6,26,31.6,36.8,28.2,0.0,
2020,6,27,33.4,39.8,29.4,0.0,
2020,6,28,35.9,40.2,29.4,0.0,
2020,6,29,34.7,40.7,24.6,3.0,
2020,6,30,32.6,40.7,28.8,0.0,
2020,7,1,34.1,38.2,30.0,0.0,
2020,7,2,35.5,39.7,30.4,0.0,
2020,7,3,34.9,41.6,29.4,0.0,
2020,7,4,34.0,41.6,22.2,34.0,
2020,7,5,28.3,39.8,26.2,35.0,
2020,7,6,31.3,36.2,26.4,0.6,
2020,7,7,30.3,36.2,26.9,0.0,
2020,7,8,30.7,36.0,27.4,0.0,
2020,7,9,32.7,37.8,28.2,0.0,
2020,7,10,32.8,38.3,23.9,8.0,
2020,7,11,31.7,38.3, ,0.0,
2020,7,12,30.6,35.2,26.2,0.0,
2020,7,13,32.4,38.2,27.6,0.0,
2020,7,14,33.9,38.2,28.8,0.0,
2020,7,15,32.9,38.5,28.4,0.0,
2020,7,16,32.3,37.8,28.4,0.0,
2020,7,17,31.7,37.8,29.3,4.0,
2020,7,18,32.5,37.3,23.4,5.0,
2020,7,19,30.0,36.4,25.6,2.0,
2020,7,20,29.2,35.2,23.5,2.0,
2020,7,21,27.3,33.2,24.0,30.0,
2020,7,22,26.2,33.2,23.7,68.0,
2020,7,23,30.0,34.6,26.1,0.0,
2020,7,24,30.5,35.4,25.9,1.0,
2020,7,25,30.7,35.5,26.8,0.0,
2020,7,26,32.1,36.2,28.2,0.6,
2020,7,27,33.2,37.6,28.7,0.0,
2020,7,28,34.0,37.6,28.6,0.0,
2020,7,29,30.3,37.5,25.8,9.0,
2020,7,30,29.4,36.6,27.3,0.8,
2020,7,31,31.1,34.8,26.8,0.8,
2020,8,1,29.8,36.3,26.2,7.0,
2020,8,2,32.3,37.0,28.4,0.0,
2020,8,3,33.0,37.4,29.0,0.0,
2020,8,4,32.7,37.4,28.0,0.0,
2020,8,5,31.1,36.3,27.2,13.0,
2020,8,6,32.6,37.5,27.6,0.0,
2020,8,7,31.9,37.5,28.1,0.2,
2020,8,8,33.6,37.6,26.2,0.1,
2020,8,9,30.6,37.6,27.4,1.0,
2020,8,10,31.4,35.8,27.8,0.6,
2020,8,11,30.8,36.8,27.4,9.0,
2020,8,12,31.3,36.8, ,43.0,
2020,8,13,27.0,28.9,25.4,16.0,
2020,8,14,29.4,32.5,26.4,0.0,
2020,8,15,31.5,35.4,26.8,0.0,
2020,8,16,31.6,36.5,28.2,0.9,
2020,8,17,30.4,36.5,27.1,24.0,
2020,8,18,30.1,35.7,26.4,4.0,
2020,8,19,26.7,35.0,24.1,46.0,
2020,8,20,25.9,29.0,24.2,8.0,
2020,8,21,30.1,35.0,25.2,1.0,
2020,8,22,30.4,35.6,26.4,0.0,
2020,8,23,29.9,35.6,26.2,2.0,
2020,8,24,29.5,34.2,25.8,0.1,
2020,8,25,29.4,33.2,26.5,0.0,
2020,8,26,30.5,34.2,26.2,0.0,
2020,8,27,31.3,35.6,26.8,0.0,
2020,8,28,28.5,35.6,24.8,23.0,
2020,8,29,30.4,35.0,26.7,0.0,
2020,8,30,28.7,35.0,25.5,0.5,
2020,8,31,29.0,33.2,24.8,0.0,
2020,9,1,30.3,34.7,25.3,0.0,
2020,9,2,30.9,35.0,27.5,0.0,
2020,9,3,31.5,35.0,26.3,0.0,
2020,9,4,31.2,35.0,26.4,0.8,
2020,9,5,27.8,36.8,23.0,19.0,
2020,9,6,30.0,36.8,25.8,0.0,
2020,9,7,29.3,35.5,25.1,1.0,
2020,9,8,30.7,35.3,26.1,0.0,
2020,9,9,30.8,35.6,26.0,0.0,
2020,9,10,31.3,36.4,26.0,0.0,
2020,9,11,30.9,36.4,25.3,0.0,
2020,9,12,31.9,37.8,26.6,0.0,
2020,9,13,32.2,37.3,27.5,0.0,
2020,9,14,31.5,37.0,26.0,0.0,
2020,9,15,31.8,37.4,26.8,0.0,
2020,9,16,32.6,37.9,27.1,0.0,
2020,9,17,32.8,37.9,27.8,0.0,
2020,9,18,33.3,38.0,28.0,0.0,
2020,9,19,32.4,38.0,26.6,0.0,
2020,9,20,32.1,37.3,26.6,0.0,
2020,9,21,32.2,36.8,27.5,0.0,
2020,9,22,32.3,37.1,27.6,0.0,
2020,9,23,32.0,37.1,25.8,0.0,
2020,9,24,31.1,36.5,25.4,0.0,
2020,9,25,31.2,37.4,24.3,0.0,
2020,9,26,29.8,37.4,23.2,0.0,
2020,9,27,30.3,34.3,22.4,0.0,
2020,9,28,30.0,36.2,22.4,0.0,
2020,9,29,29.5,36.5,21.8,0.0,
2020,9,30,28.9,36.5,21.9,0.0,
2020,10,1,29.1,36.7,20.6,0.0,
2020,10,2,28.6,36.7,20.3,0.0,
2020,10,3,27.6,36.4,18.5,0.0,
2020,10,4,27.1,36.1,19.3,0.0,
2020,10,5,27.5,35.2,18.2,0.0,
2020,10,6,27.2,36.4,18.6,0.0,
2020,10,7,27.7,36.4,19.1,0.0,
2020,10,8,27.2,36.0,19.2,0.0,
2020,10,9,27.4,35.6,19.2,0.0,
2020,10,10,27.7,35.2,19.8,0.0,
2020,10,11,27.4,35.7,19.4,0.0,
2020,10,12,27.3,35.7,19.4,0.0,
2020,10,13,28.2,35.4,23.7,0.0,
2020,10,14,28.7,35.4,20.4,0.0,
2020,10,15,27.1,34.8,16.4,0.0,
2020,10,16,25.7,34.8,16.8,0.0,
2020,10,17,25.7,35.0,16.6,0.0,
2020,10,18,25.2,35.0,16.0,0.0,
2020,10,19,24.7,34.7,13.7,0.0,
2020,10,20,24.5,33.9,14.3,0.0,
2020,10,21,25.4,35.2,17.2,0.0,
2020,10,22,23.6,35.2,14.4,0.0,
2020,10,23,23.9,34.0,14.3,0.0,
2020,10,24,23.6,34.0,13.8,0.0,
2020,10,25,23.8,33.9,15.0,0.0,
2020,10,26,23.6,33.9,14.4,0.0,
2020,10,27,22.6,32.8,13.8,0.0,
2020,10,28,21.9,32.4,12.5,0.0,
2020,10,29,21.9,32.2,13.1,0.0,
2020,10,30,22.5,32.2,13.0,0.0,
2020,10,31,22.2,31.4,11.4,0.0,
2020,11,1,20.7,30.8,10.8,0.0,
2020,11,2,19.8,30.6,10.0,0.0,
2020,11,3,20.7,31.6,10.6,0.0,
2020,11,4,19.5,31.6,11.2,0.0,
2020,11,5,20.7,30.7,11.2,0.0,
2020,11,6,20.3,30.9,11.8,0.0,
2020,11,7,20.0,30.9,11.2,0.0,
2020,11,8,18.9,30.0,10.0,0.0,
2020,11,9,19.3,29.6,10.7,0.0,
2020,11,10,19.9,30.1,11.4,0.0,
2020,11,11,20.3,30.1,11.6,0.0,
2020,11,12,20.4,29.9,12.3,0.0,
2020,11,13,20.6,29.7,10.7,0.0,
2020,11,14,20.6,29.7,11.4,0.0,
2020,11,15,20.2,29.1,16.0,0.6,
2020,11,16,20.6,29.1,13.0,0.0,
2020,11,17,19.7,26.0,10.6,0.0,
2020,11,18,17.6,26.0,9.4,0.0,
2020,11,19,17.3,25.6,7.5,0.0,
2020,11,20,17.1,25.6,8.5,0.0,
2020,11,21,16.2,25.4,6.9,0.0,
2020,11,22,15.5,24.6,6.3,0.0,
2020,11,23,16.3,26.2,6.7,0.0,
2020,11,24,16.1,26.2,10.4,0.0,
2020,11,25,17.7,25.3,10.4,0.0,
2020,11,26,18.9,25.8,10.2,0.0,
2020,11,27,18.2,27.0,10.1,0.0,
2020,11,28,17.0,27.0,7.0,0.0,
2020,11,29,16.7,26.4,6.9,0.0,
2020,11,30,16.3,26.8,8.1,0.0,
2020,12,1,17.0,27.2,8.2,0.0,
2020,12,2,17.0,27.2,8.2,0.0,
2020,12,3,17.2,27.2,8.0,0.0,
2020,12,4,17.9,28.8,11.0,0.0,
2020,12,5,18.2,28.8,11.4,0.0,
2020,12,6,18.4,28.2,12.0,0.0,
2020,12,7,18.9,28.2,9.5,0.0,
2020,12,8,18.4,28.3,9.6,0.0,
2020,12,9,18.8,29.0,10.9,0.0,
2020,12,10,18.7,29.0,11.3,0.0,
2020,12,11,18.5,28.3,14.4,0.0,
2020,12,12,17.2,25.8,11.1,0.0,
2020,12,13,14.8,21.8,8.4,0.0,
2020,12,14,12.4,20.6,4.1,0.0,
2020,12,15,10.9,19.4,5.8,0.0,
2020,12,16,12.2,18.6,4.6,0.0,
2020,12,17,9.2,18.6,4.4,0.0,
2020,12,18,11.3,19.8,3.9,0.0,
2020,12,19,13.0,21.8,3.4,0.0,
2020,12,20,13.1,22.4,5.5,0.0,
2020,12,21,14.5,23.5,5.3,0.0,
2020,12,22,13.7,25.3,4.0,0.0,
2020,12,23,13.4,23.9,4.5,0.0,
2020,12,24,13.7,23.3,4.6,0.0,
2020,12,25,13.7,23.1,4.4,0.0,
2020,12,26,13.0,22.4,6.0,0.0,
2020,12,27,15.1,22.6,5.6,0.0,
2020,12,28,12.6,22.6,3.6,0.0,
2020,12,29,11.1,20.9,3.5,0.0,
2020,12,30,9.7,18.1,3.3,0.0,
2020,12,31,10.3,17.4,1.1,0.0,
2021,1,1,10.8,19.2,7.0,0.0,
2021,1,2,12.8,19.5,9.9,2.0,
2021,1,3,13.1,19.5,11.4,15.0,
2021,1,4,16.9,22.6,13.2,5.0,
2021,1,5,17.2,22.6,13.0,2.0,
2021,1,6,17.2,21.3,14.4,6.0,
2021,1,7,15.8,21.3,9.6,0.0,
2021,1,8,13.7,19.9,10.8,0.0,
2021,1,9,15.4,19.7,7.8,0.0,
2021,1,10,11.9,19.7,7.0,0.0,
2021,1,11,12.0,17.5,4.3,0.0,
2021,1,12,10.5,17.6,3.2,0.0,
2021,1,13,10.3,18.5,2.0,0.0,
2021,1,14,10.7,19.2,6.4,0.0,
2021,1,15,12.9,20.8,6.6,0.0,
2021,1,16,11.3,20.8,5.7,0.0,
2021,1,17,11.2,19.1,9.0,0.0,
2021,1,18,14.2,19.6,6.9,0.0,
2021,1,19,12.8,20.4,7.8,0.0,
2021,1,20,13.1,20.4,7.4,0.0,
2021,1,21,14.5,22.8,4.2,0.0,
2021,1,22,11.7,22.8,8.0,0.0,
2021,1,23,13.8,20.4,8.8,0.0,
2021,1,24,12.2,20.4,7.4,0.0,
2021,1,25,11.9,18.4,2.1,0.0,
2021,1,26,12.6,20.4,5.4,0.0,
2021,1,27,13.2,21.5,3.8,0.0,
2021,1,28,12.1,21.5,4.0,0.0,
2021,1,29,12.1,20.8,5.4,0.0,
2021,1,30,13.2,21.5,3.1,0.0,
2021,1,31,14.0,25.0,5.3,0.0,
2021,2,1,16.1,26.4,6.2,0.0,
2021,2,2,17.4,28.1,10.4,0.0,
2021,2,3,18.4,28.1,12.4,0.4,
2021,2,4,16.8,26.1,6.8,2.0,
2021,2,5,15.1,23.2,7.4,0.0,
2021,2,6,15.0,23.0,8.3,0.0,
2021,2,7,15.9,22.8,7.6,0.0,
2021,2,8,16.9,24.6,7.8,0.0,
2021,2,9,17.5,26.5,10.2,0.0,
2021,2,10,19.7,30.4,9.6,0.0,
2021,2,11,18.3,30.4,10.2,0.0,
2021,2,12,18.1,27.4,10.8,0.0,
2021,2,13,18.8,27.2,8.6,0.0,
2021,2,14,19.1,28.7,9.9,0.0,
2021,2,15,20.3,29.5,11.6,0.0,
2021,2,16,20.2,29.5,10.7,0.0,
2021,2,17,19.3,29.4,9.6,0.0,
2021,2,18,19.0,27.8,9.9,0.0,
2021,2,19,18.7,27.8,10.4,0.0,
2021,2,20,18.5,27.3,10.1,0.0,
2021,2,21,19.0,28.0,11.0,0.0,
2021,2,22,20.2,28.9,10.7,0.0,
2021,2,23,21.8,31.5,12.0,0.0,
2021,2,24,22.4,32.5,13.4,0.0,
2021,2,25,22.8,33.2,15.2,0.0,
2021,2,26,24.8,33.2,17.8,0.0,
2021,2,27,25.2,33.0,15.6,0.0,
2021,2,28,23.3,32.3,11.8,0.0,
2021,3,1,21.4,32.3,15.3,0.0,
2021,3,2,22.0,29.0,13.2,0.0,
2021,3,3,21.9,30.8,12.2,0.0,
2021,3,4,23.6,33.9,14.4,0.0,
2021,3,5,23.5,33.9,15.0,0.0,
2021,3,6,23.3,31.6,14.4,0.0,
2021,3,7,25.3,34.0,18.9,0.0,
2021,3,8,25.2,34.0,18.8,0.0,
2021,3,9,26.5,34.2,18.2,1.0,
2021,3,10,25.1,34.2,17.2,0.0,
2021,3,11,25.5,35.2,17.9,0.0,
2021,3,12,24.5,35.2,15.2,0.0,
2021,3,13,23.8,31.2,14.0,9.0,
2021,3,14,23.5,31.2,16.2,0.0,
2021,3,15,24.6,32.0,17.2,0.0,
2021,3,16,24.8,32.1,16.8,0.0,
2021,3,17,25.7,34.2,16.4,0.0,
2021,3,18,25.7,35.3,19.4,0.0,
2021,3,19,26.4,35.3,16.8,0.0,
2021,3,20,25.9,34.5,16.2,0.0,
2021,3,21,27.2,35.2,20.0,0.0,
2021,3,22,27.4,35.2,21.5,0.0,
2021,3,23,24.6,33.6,16.0,0.0,
2021,3,24,25.8,34.2,17.5,0.0,
2021,3,25,23.5,34.2,16.0,0.0,
2021,3,26,24.2,32.0,16.4,0.0,
2021,3,27,26.5,35.3,17.8,0.0,
2021,3,28,28.4,37.3,20.6,0.0,
2021,3,29,29.8,40.1,19.0,0.0,
2021,3,30,29.8,40.1,20.0,0.0,
2021,3,31,28.7,37.9,18.4,0.0,
2021,4,1,27.5,34.6,16.2,0.0,
2021,4,2,25.3,34.4,11.7,0.0,
2021,4,3,25.1,35.5,14.0,0.0,
2021,4,4,26.6,36.7,18.5,0.0,
2021,4,5,30.1,38.8,20.4,0.0,
2021,4,6,30.2,38.8,21.7,0.0,
2021,4,7,28.9,38.2,19.4,0.0,
2021,4,8,26.8,36.9,14.3,0.0,
2021,4,9,26.8,36.6,17.1,0.0,
2021,4,10,28.1,37.2,16.0,0.0,
2021,4,11,28.5,38.8,18.3,0.0,
2021,4,12,29.6,39.2,19.4,0.0,
2021,4,13,30.4,40.2,20.6,0.0,
2021,4,14,31.0,40.3,21.5,0.0,
2021,4,15,31.0,40.5,20.2,0.0,
2021,4,16,29.1,40.5,18.2,2.0,
2021,4,17,27.4,40.0,18.3,0.0,
2021,4,18,28.2,35.7,18.5,0.0,
2021,4,19,29.2,37.8,19.5,0.0,
2021,4,20,27.7,37.8,19.2,0.0,
2021,4,21,27.0,33.8, ,0.0,
2021,4,22,27.5,34.0,22.0,0.0,
2021,4,23,26.2,34.0,16.4,0.6,
2021,4,24,26.5,34.1,18.0,0.0,
2021,4,25,28.2,37.7,16.7,0.0,
2021,4,26,29.9,40.2,19.6,0.0,
2021,4,27,31.8,41.4,22.3,0.0,
2021,4,28,33.2,42.2,23.2,0.0,
2021,4,29,33.1,42.2,23.2,0.9,
2021,4,30,35.2,42.1,28.2,0.0,
2021,5,1,34.3,41.5,24.8,0.0,
2021,5,2,31.8,41.5,24.3,0.0,
2021,5,3,32.5,39.7,24.7,0.0,
2021,5,4,33.7,41.6,24.0,0.0,
2021,5,5,32.8,41.6,26.5,0.0,
2021,5,6,28.7,40.5,21.7,1.0,
2021,5,7,29.4,39.8,22.3,0.0,
2021,5,8,31.8,38.8,23.2,0.0,
2021,5,9,31.1,39.4,24.5,0.0,
2021,5,10,30.9,39.4,24.2,0.2,
2021,5,11,32.8,40.5,23.5,0.9,
2021,5,12,31.4,40.4,21.3,0.0,
2021,5,13,28.2,36.8,23.2,0.3,
2021,5,14,31.0,37.9,23.0,0.0,
2021,5,15,30.0,39.3,21.7,0.0,
2021,5,16,31.9,39.6,23.6,0.0,
2021,5,17,32.6,39.6,26.8,0.0,
2021,5,18,27.5,37.8,21.4,1.0,
2021,5,19,22.3,30.8,19.3,119.0,
2021,5,20,25.9,31.4,19.4,0.0,
2021,5,21,26.3,33.1,18.0,19.0,
2021,5,22,28.0,35.1,22.4,0.0,
2021,5,23,28.1,35.1,21.2,0.0,
2021,5,24,29.5,36.0,23.0,0.0,
2021,5,25,32.0,39.4,22.6,0.0,
2021,5,26,32.0,39.5,22.2,0.0,
2021,5,27,33.3,41.2,25.3,0.0,
2021,5,28,32.7,41.2,26.6,0.0,
2021,5,29,32.5,40.1,25.2,0.0,
2021,5,30,31.1,38.2,25.0,0.0,
2021,5,31,33.0,39.6,17.9,16.0,
2021,6,1,27.3,39.6,22.2,0.0,
2021,6,2,30.4,36.6,24.4,0.0,
2021,6,3,32.1,38.2,26.1,0.0,
2021,6,4,29.8,39.5,23.4,5.0,
2021,6,5,30.4,39.5,24.0,0.5,
2021,6,6,32.1,39.1,26.1,0.0,
2021,6,7,34.5,40.3,28.6,0.0,
2021,6,8,36.2,41.7,31.4,0.0,
2021,6,9,37.2,42.2,29.0,0.0,
2021,6,10,33.9,42.2,20.4,8.0,
2021,6,11,32.5,39.8,28.0,0.0,
2021,6,12,31.0,39.0,23.8,0.4,
2021,6,13,31.3,35.8,25.5,0.0,
2021,6,14,33.2,38.6,27.2,0.0,
2021,6,15,32.1,38.7,26.2,0.0,
2021,6,16,30.6,38.7,26.2,0.0,
2021,6,17,31.0,35.0,25.1,0.0,
2021,6,18,31.6,36.6,25.3,0.0,
2021,6,19,30.8,36.6,25.2,0.0,
2021,6,20,29.9,35.1,25.5,0.4,
2021,6,21,32.7,37.4,25.4,0.0,
2021,6,22,34.4,39.8,28.0,0.0,
2021,6,23,35.2,40.5,28.3,0.0,
2021,6,24,31.9,40.5,25.1,0.0,
2021,6,25,33.1,40.1,25.6,0.0,
2021,6,26,31.8,40.1,26.7,5.0,
2021,6,27,33.2,38.8,27.6,0.0,
2021,6,28,34.3,40.2,27.4,0.0,
2021,6,29,35.6,43.0,28.2,0.0,
2021,6,30,37.0,43.5,31.7,0.0,
2021,7,1,36.3,43.5,27.2,5.0,
2021,7,2,33.9,43.1,24.1,19.0,
2021,7,3,32.2,41.3,26.2,0.0,
2021,7,4,33.7,39.8,28.0,0.0,
2021,7,5,34.6,39.8,28.7,0.0,
2021,7,6,35.5,40.6,29.5,0.0,
2021,7,7,36.4,42.6,30.6,0.0,
2021,7,8,34.5,42.6,24.1,9.0,
2021,7,9,32.9,41.8,28.6,0.0,
2021,7,10,34.8,39.8,28.8,0.0,
2021,7,11,33.6,39.8,27.0,0.0,
2021,7,12,32.0,39.0,23.5,0.0,
2021,7,13,28.4,37.7,26.0,29.0,
2021,7,14,28.7,35.0,23.4,26.0,
2021,7,15,31.8,36.6,27.0,0.0,
2021,7,16,33.0,37.8,28.2,0.0,
2021,7,17,33.7,38.8,28.0,0.0,
2021,7,18,30.9,38.8,24.2,40.0,
2021,7,19,26.1,36.4,24.0,38.0,
2021,7,20,27.5,31.9,22.4,60.0,
2021,7,21,29.9,34.7,25.6,0.0,
2021,7,22,30.2,34.7,26.3,0.0,
2021,7,23,31.1,34.8,27.3,0.0,
2021,7,24,32.0,36.0,27.6,0.2,
2021,7,25,33.2,37.3,28.3,0.0,
2021,7,26,31.4,37.3,25.0,0.0,
2021,7,27,28.9,33.1,25.1,4.0,
2021,7,28,26.8,29.4,24.0,5.0,
2021,7,29,27.3,32.1,24.5,72.0,
2021,7,30,27.1,32.1,24.3,44.0,
2021,7,31,30.3,35.0,24.8,0.0,
2021,8,1,28.7,35.0,26.1,13.0,
2021,8,2,29.4,32.7,25.8,0.0,
2021,8,3,31.0,34.8,25.4,0.0,
2021,8,4,31.1,35.2,26.5,0.0,
2021,8,5,31.7,35.3,26.7,0.0,
2021,8,6,32.2,36.7,27.3,0.0,
2021,8,7,29.3,36.7,26.8,7.0,
2021,8,8,28.8,33.4,25.1,15.0,
2021,8,9,29.5,33.4,25.0,0.0,
2021,8,10,31.6,35.8,26.3,0.0,
2021,8,11,32.0,36.2,26.4,0.0,
2021,8,12,32.4,36.2,27.0,0.0,
2021,8,13,32.8,36.2,26.8,0.0,
2021,8,14,32.8,36.8,27.0,0.0,
2021,8,15,32.8,37.0,27.3,0.0,
2021,8,16,33.1,37.4,28.1,0.0,
2021,8,17,33.4,38.0,27.4,0.0,
2021,8,18,32.9,38.0,27.5,0.0,
2021,8,19,32.8,38.0,27.3,0.0,
2021,8,20,27.2,36.5,23.8,88.0,
2021,8,21,28.0,32.8,24.5,9.0,
2021,8,22,30.1,34.3,26.2,1.0,
2021,8,23,31.2,35.2,27.3,2.0,
2021,8,24,31.3,35.2,27.4,0.0,
2021,8,25,32.6,36.4,26.6,0.0,
2021,8,26,31.1,36.4,25.4,0.0,
2021,8,27,31.8,36.0,27.0,0.0,
2021,8,28,31.5,36.0,25.8,0.0,
2021,8,29,30.5,35.1,25.3,0.0,
2021,8,30,30.0,34.7,25.4,0.0,
2021,8,31,26.3,34.6,24.0,84.0,
2021,9,1,25.2,28.9,23.7,77.0,
2021,9,2,27.9,32.3,25.4,0.0,
2021,9,3,29.6,34.5,26.1,0.7,
2021,9,4,28.7,34.5,25.8,0.0,
2021,9,5,30.4,33.9,27.4,0.0,
2021,9,6,31.2,36.2,27.8,6.0,
2021,9,7,30.3,36.2,26.0,5.0,
2021,9,8,29.6,33.7,27.2,0.0,
2021,9,9,30.3,34.0,25.1,5.0,
2021,9,10,28.5,34.0,24.0,13.0,
2021,9,11,25.3,32.2,23.4,41.0,
2021,9,12,27.5,33.4,26.5,1.0,
2021,9,13,28.0,33.4,24.0,4.0,
2021,9,14,29.8,35.4,25.2,0.0,
2021,9,15,30.6,35.4,24.8,0.0,
2021,9,16,25.9,35.3,23.6,13.0,
2021,9,17,28.3,32.0,24.6,0.0,
2021,9,18,29.4,34.4,26.0,0.0,
2021,9,19,30.6,34.4,26.5,0.0,
2021,9,20,31.0,35.8,25.8,0.0,
2021,9,21,29.0,35.8,26.0,4.0,
2021,9,22,28.2,35.6,24.7,0.0,
2021,9,23,28.2,33.3,24.4,0.9,
2021,9,24,28.5,33.3,24.6,4.0,
2021,9,25,28.9,33.2,25.5,0.0,
2021,9,26,29.1,33.7,26.0,0.0,
2021,9,27,30.2,34.3,26.3,0.0,
2021,9,28,31.1,35.7,26.7,0.0,
2021,9,29,31.2,35.7,26.4,0.0,
2021,9,30,30.3,35.2,26.5,0.0,
2021,10,1,30.2,35.2,26.2,2.0,
2021,10,2,30.8,35.7,26.3,0.0,
2021,10,3,30.8,36.2,25.7,1.0,
2021,10,4,31.5,36.4,26.4,0.0,
2021,10,5,29.2,36.4,25.6,0.5,
2021,10,6,29.9,35.4,23.8,0.0,
2021,10,7,28.5,34.9,23.4,0.0,
2021,10,8,29.5,35.7,23.0,0.0,
2021,10,9,29.0,36.5,22.7,0.0,
2021,10,10,29.5,36.6,22.5,0.0,
2021,10,11,29.4,36.8,22.7,0.0,
2021,10,12,29.3,36.8,20.6,0.0,
2021,10,13,27.0,36.7,19.0,0.0,
2021,10,14,26.3,33.9,18.6,0.0,
2021,10,15,26.8,34.9,20.0,0.0,
2021,10,16,28.2,35.5,23.5,0.0,
2021,10,17,25.0,35.5,20.1,85.0,
2021,10,18,22.2,30.4,19.9,0.4,
2021,10,19,25.2,31.2,20.3,0.0,
2021,10,20,25.2,32.1,16.0,0.0,
2021,10,21,24.1,32.4,17.7,0.0,
2021,10,22,25.3,33.4,18.4,0.0,
2021,10,23,25.5,33.4,19.0,0.0,
2021,10,24,23.3,32.8,16.4,28.0,
2021,10,25,21.8,31.5,16.2,0.0,
2021,10,26,21.7,28.4,14.6,0.0,
2021,10,27,21.3,28.2,14.6,0.0,
2021,10,28,22.0,28.5,14.0,0.0,
2021,10,29,22.1,30.4,14.8,0.0,
2021,10,30,22.0,30.4,16.5,0.0,
2021,10,31,22.4,30.2,13.6,0.0,
2021,11,1,22.3,31.2,14.5,0.0,
2021,11,2,22.3,31.2,15.9,0.0,
2021,11,3,22.3,29.9,15.0,0.0,
2021,11,4,20.9,29.9,15.0,0.0,
2021,11,5,20.8,27.8,14.7,0.0,
2021,11,6,20.7,28.1,14.2,0.0,
2021,11,7,20.6,29.1,13.6,0.0,
2021,11,8,20.2,29.2,13.5,0.0,
2021,11,9,20.7,29.2,13.4,0.0,
2021,11,10,20.8,29.6,12.6,0.0,
2021,11,11,18.6,29.6,12.6,0.0,
2021,11,12,19.1,27.4,11.1,0.0,
2021,11,13,18.8,27.4,10.1,0.0,
2021,11,14,18.8,28.1,10.3,0.0,
2021,11,15,18.0,28.1,10.0,0.0,
2021,11,16,18.0,27.0,9.6,0.0,
2021,11,17,17.8,27.4,10.5,0.0,
2021,11,18,18.8,27.4,10.9,0.0,
2021,11,19,18.6,26.8,14.5,0.0,
2021,11,20,18.7,26.6,9.8,0.0,
2021,11,21,18.6,27.3,11.4,0.0,
2021,11,22,18.5,27.5,10.3,0.0,
2021,11,23,17.9,27.5,9.2,0.0,
2021,11,24,17.7,28.8,9.7,0.0,
2021,11,25,18.1,28.8,11.0,0.0,
2021,11,26,18.0,27.8,10.2,0.0,
2021,11,27,17.8,27.6,10.8,0.0,
2021,11,28,17.8,27.0,10.3,0.0,
2021,11,29,17.4,26.8,9.8,0.0,
2021,11,30,17.7,26.1,11.5,0.0,
2021,12,1,17.1,25.6,13.4,0.0,
2021,12,2,16.2,23.0,12.5,2.0,
2021,12,3,17.7,21.9,11.0,0.0,
2021,12,4,18.6,26.8,11.4,0.0,
2021,12,5,18.4,26.8,15.0,0.8,
2021,12,6,18.4,25.6,11.4,0.0,
2021,12,7,17.1,25.1,10.1,0.0,
2021,12,8,16.4,25.1,8.4,0.0,
2021,12,9,15.8,24.0,9.0,0.0,
2021,12,10,16.0,23.7,8.3,0.0,
2021,12,11,15.6,23.7,6.4,0.0,
2021,12,12,14.8,23.9,6.6,0.0,
2021,12,13,14.6,23.9,7.5,0.0,
2021,12,14,14.8,22.7,7.8,0.0,
2021,12,15,14.0,22.7,8.7,0.0,
2021,12,16,14.3,22.5, ,0.0,
2021,12,17,13.6,20.4,6.0,0.0,
2021,12,18,11.7,20.4,4.6,0.0,
2021,12,19,11.6,19.2,3.2,0.0,
2021,12,20,11.3,21.0,4.0,0.0,
2021,12,21,12.9,22.4,4.4,0.0,
2021,12,22,13.2,23.8,5.5,0.0,
2021,12,23,13.8,23.8,6.9,0.0,
2021,12,24,14.5,23.1,7.0,0.0,
2021,12,25,14.5,23.6,9.8,0.0,
2021,12,26,15.4,23.6,10.4,3.0,
2021,12,27,15.5,22.6,9.4,0.0,
2021,12,28,15.5,22.6,8.4,4.0,
2021,12,29,14.0,21.2,3.4,0.0,
2021,12,30,12.2,21.2,3.8,0.0,
2021,12,31,11.2,19.5,4.2,0.0,
2022,1,1,11.8,20.2,5.0,0.0,
2022,1,2,12.6,20.4,5.4,0.0,
2022,1,3,14.0,21.5,8.5,0.0,
2022,1,4,15.8,23.2,10.9,0.0,
2022,1,5,13.2,23.2,11.7,9.0,
2022,1,6,16.2,21.1,13.5,0.0,
2022,1,7,17.0,21.1,15.2,29.0,
2022,1,8,15.9,20.3,13.8,8.0,
2022,1,9,13.8,16.4,9.6,5.0,
2022,1,10,13.0,18.1,6.5,0.0,
2022,1,11,12.3,18.3,8.2,0.0,
2022,1,12,12.2,18.3,5.8,0.0,
2022,1,13,11.2,18.1,6.0,0.0,
2022,1,14,10.6,16.7,6.1,0.0,
2022,1,15,10.2,15.4,8.1,0.0,
2022,1,16,11.7,17.2,8.7,0.0,
2022,1,17,11.3,17.2,8.5,0.0,
2022,1,18,11.1,16.1,7.4,0.0,
2022,1,19,12.2,18.1,9.8,0.0,
2022,1,20,12.8,19.1,7.6,0.0,
2022,1,21,13.8,19.6,11.5,2.0,
2022,1,22,13.0,19.6,10.5,20.0,
2022,1,23,12.7,14.9,8.0,0.0,
2022,1,24,11.7,14.9,6.2,0.0,
2022,1,25,10.5,14.8,5.8,0.0,
2022,1,26,12.1,16.4,6.3,0.0,
2022,1,27,12.8,19.1,6.4,0.0,
2022,1,28,13.1,20.6,5.4,0.0,
2022,1,29,13.6,22.4,7.5,0.0,
2022,1,30,14.9,22.4,6.4,0.0,
2022,1,31,14.6,22.2,7.0,0.0,
2022,2,1,14.5,22.2,11.2,0.0,
2022,2,2,15.4,23.4,11.0,0.0,
2022,2,3,12.9,23.4,10.4,1.0,
2022,2,4,13.2,18.1,6.9,0.0,
2022,2,5,12.9,19.5,5.4,0.0,
2022,2,6,14.1,24.2,8.8,0.0,
2022,2,7,17.9,26.1,11.5,0.0,
2022,2,8,18.7,26.1,12.8,16.0,
2022,2,9,16.4,26.0,9.1,17.0,
2022,2,10,15.3,22.6,8.2,0.0,
2022,2,11,15.7,22.6,8.0,0.0,
2022,2,12,16.0,23.4,7.0,0.0,
2022,2,13,17.7,26.4,8.9,0.0,
2022,2,14,18.1,27.0,9.4,0.0,
2022,2,15,18.9,27.0,9.4,0.0,
2022,2,16,18.0,27.0,10.2,0.0,
2022,2,17,18.2,27.0,9.7,0.0,
2022,2,18,19.2,28.4,10.8,0.0,
2022,2,19,18.9,28.4,11.4,0.0,
2022,2,20,17.9,25.6,10.1,0.0,
2022,2,21,17.9,26.4,10.2,0.0,
2022,2,22,19.6,27.1,15.0,0.0,
2022,2,23,19.5,27.1,12.7,0.0,
2022,2,24,19.6,26.4,12.5,0.0,
2022,2,25,20.3,27.9,13.4,10.0,
2022,2,26,18.7,27.9,12.1,1.0,
2022,2,27,18.9,25.2,11.5,0.0,
2022,2,28,18.5,25.3,9.6,0.0,
2022,3,1,18.3,26.0,11.2,0.0,
2022,3,2,18.8,27.4,13.7,0.0,
2022,3,3,22.6,29.4,15.3,0.0,
2022,3,4,20.7,29.4,13.5,0.0,
2022,3,5,19.6,27.2,13.8,0.0,
2022,3,6,20.6,28.2,14.3,0.0,
2022,3,7,22.5,30.6,13.6,0.0,
2022,3,8,22.7,30.8,14.2,0.0,
2022,3,9,23.0,31.1,16.8,0.0,
2022,3,10,23.0,31.1,15.3,0.0,
2022,3,11,22.8,30.0,15.6,0.0,
2022,3,12,23.3,31.2,16.2,0.0,
2022,3,13,24.3,32.6,17.0,0.0,
2022,3,14,25.3,33.0,18.9,0.0,
2022,3,15,27.5,34.7,20.5,0.0,
2022,3,16,28.4,35.0,19.9,0.0,
2022,3,17,28.5,36.1,21.7,0.0,
2022,3,18,27.8,36.1,19.8,0.0,
2022,3,19,28.6,36.6,21.2,0.0,
2022,3,20,29.4,38.3,20.5,0.0,
2022,3,21,28.6,38.3,22.5,0.0,
2022,3,22,28.4,36.6,18.6,0.0,
2022,3,23,27.8,35.7,21.2,0.0,
2022,3,24,27.6,35.7,19.6,0.0,
2022,3,25,27.1,35.5,20.1,0.0,
2022,3,26,27.6,35.3,20.4,0.0,
2022,3,27,28.5,36.8,22.2,0.0,
2022,3,28,29.7,39.1,18.8,0.0,
2022,3,29,28.8,39.2,19.4,0.0,
2022,3,30,29.5,39.6,20.1,0.0,
2022,3,31,30.1,39.6,21.4,0.0,
2022,4,1,28.8,39.5,17.4,0.0,
2022,4,2,28.8,39.4,19.3,0.0,
2022,4,3,29.1,39.4,19.0,0.0,
2022,4,4,28.7,39.4,19.0,0.0,
2022,4,5,29.1,38.7,18.7,0.0,
2022,4,6,29.5,39.3,19.4,0.0,
2022,4,7,29.9,40.0,19.7,0.0,
2022,4,8,31.2,41.6,19.9,0.0,
2022,4,9,31.8,42.4,23.5,0.0,
2022,4,10,32.6,42.4,22.5,0.0,
2022,4,11,32.3,42.6,22.5,0.0,
2022,4,12,30.4,42.6,21.7,0.0,
2022,4,13,31.6,40.6,26.2,0.0,
2022,4,14,32.3,40.6,23.7,0.0,
2022,4,15,31.4,39.4,22.0,0.0,
2022,4,16,31.5,40.0,21.7,0.0,
2022,4,17,32.2,40.9,22.5,0.0,
2022,4,18,32.7,40.9,23.7,0.0,
2022,4,19,32.5,42.6,25.6,0.0,
2022,4,20,33.8,42.6,25.8,0.0,
2022,4,21,30.0,41.2,22.8,0.3,
2022,4,22,30.6,39.3,20.6,0.0,
2022,4,23,30.1,39.5,22.2,0.0,
2022,4,24,31.8,39.5,22.7,0.0,
2022,4,25,32.3,40.6,24.9,0.0,
2022,4,26,32.5,40.8,22.2,0.0,
2022,4,27,32.2,41.5,23.0,0.0,
2022,4,28,33.0,43.5,25.8,0.0,
2022,4,29,34.7,43.5,25.7,0.0,
2022,4,30,34.5,43.5,25.7,0.0,
2022,5,1,33.4,43.5,27.4,0.0,
2022,5,2,34.0,40.8,28.5,0.0,
2022,5,3,33.2,40.8,28.8,0.0,
2022,5,4,31.4,39.1,22.4,1.0,
2022,5,5,29.9,39.1,24.2,0.0,
2022,5,6,31.9,38.4,23.8,0.0,
2022,5,7,32.3,39.4, ,0.0,
2022,5,8,34.0,40.4,27.6,0.0,
2022,5,9,33.7,40.4,28.0,0.0,
2022,5,10,34.2,40.0,28.0,0.0,
2022,5,11,34.9,41.4,29.5,0.0,
2022,5,12,35.9,42.5,28.1,0.0,
2022,5,13,34.5,42.5,26.5,0.0,
2022,5,14,37.2,44.2,25.0,0.0,
2022,5,15,36.3,45.6,30.8,0.0,
2022,5,16,36.6,45.6,27.5,0.0,
2022,5,17,34.1,42.4,29.6,0.0,
2022,5,18,35.7,41.1,27.5,0.0,
2022,5,19,35.3,43.6,28.2,0.0,
2022,5,20,36.7,44.4,29.8,0.8,
2022,5,21,33.9,44.4,23.1,0.8,
2022,5,22,32.6,42.4,17.2,12.0,
2022,5,23,25.4,39.3,18.9,15.0,
2022,5,24,26.6,32.5,23.6,0.0,
2022,5,25,28.8,34.4,22.5,0.0,
2022,5,26,30.6,36.7,25.5,0.0,
2022,5,27,31.7,39.3,26.9,0.0,
2022,5,28,34.6,40.2,28.7,0.0,
2022,5,29,33.9,40.7,27.8,0.0,
2022,5,30,28.4,40.7,20.4,18.0,
2022,5,31,32.5,40.6,24.9,0.0,
2022,6,1,34.4,41.9,26.6,0.0,
2022,6,2,34.6,42.0,24.9,0.0,
2022,6,3,35.2,42.9,28.7,0.0,
2022,6,4,35.7,43.9,27.4,0.0,
2022,6,5,36.7,44.2,26.3,0.0,
2022,6,6,35.2,44.2,27.6,0.0,
2022,6,7,37.3,43.5,31.2,0.0,
2022,6,8,36.4,44.0,28.1,0.0,
2022,6,9,36.8,44.0,29.8,0.0,
2022,6,10,36.7,43.8,29.7,0.0,
2022,6,11,37.5,43.8,32.8,0.0,
2022,6,12,38.1,43.9,31.6,0.0,
2022,6,13,37.9,43.9,31.2,0.0,
2022,6,14,34.9,43.7,29.4,0.0,
2022,6,15,36.5,42.2,23.8,2.0,
2022,6,16,32.9,42.2,22.8,7.0,
2022,6,17,27.9,40.2,24.4,13.0,
2022,6,18,28.9,36.7,24.5,0.2,
2022,6,19,27.7,32.7,23.6,0.0,
2022,6,20,29.3,32.8,24.9,0.0,
2022,6,21,28.7,34.5,24.3,0.7,
2022,6,22,30.7,37.2,25.3,0.0,
2022,6,23,32.6,37.9,23.2,0.0,
2022,6,24,32.9,39.3,24.3,0.0,
2022,6,25,33.4,40.5,29.0,0.0,
2022,6,26,34.6,40.6,29.8,0.0,
2022,6,27,36.1,40.9,30.8,0.0,
2022,6,28,35.6,41.5,28.8,0.0,
2022,6,29,35.0,41.5,27.6,0.0,
2022,6,30,26.7,40.9,23.0,117.0,
2022,7,1,28.0,31.9,26.2,2.0,
2022,7,2,30.6,34.4,26.2,0.0,
2022,7,3,31.6,35.7,27.4,0.1,
2022,7,4,32.8,36.8,29.0,0.6,
2022,7,5,33.9,37.9,29.4,0.0,
2022,7,6,34.6,38.6,30.0,0.0,
2022,7,7,34.6,39.1,29.2,0.0,
2022,7,8,34.6,39.1,30.5,0.0,
2022,7,9,31.5,39.0,27.5,0.0,
2022,7,10,31.2,35.1,27.1,0.0,
2022,7,11,31.8,36.9,26.2,1.0,
2022,7,12,29.9,36.9,26.8,2.0,
2022,7,13,31.5,37.1,28.4,0.0,
2022,7,14,32.1,38.4,27.5,0.0,
2022,7,15,33.1,38.6,28.3,0.0,
2022,7,16,29.3,38.6,24.3,21.0,
2022,7,17,30.3,36.5,27.8,1.0,
2022,7,18,33.4,38.2,29.2,0.0,
2022,7,19,31.5,38.2,28.2,10.0,
2022,7,20,28.8,37.7,24.5,57.0,
2022,7,21,29.4,35.1,27.0,0.3,
2022,7,22,29.1,33.1,25.5,8.0,
2022,7,23,30.2,34.9,27.1,0.0,
2022,7,24,30.7,35.7,26.8,0.0,
2022,7,25,30.8,35.7,26.4,2.0,
2022,7,26,30.5,35.2,26.7,0.0,
2022,7,27,30.2,34.6,26.7,0.0,
2022,7,28,27.9,34.6,25.2,20.0,
2022,7,29,27.6,31.2,24.5,11.0,
2022,7,30,28.1,32.5,24.6,13.0,
2022,7,31,29.0,33.0,25.6,0.9,
2022,8,1,29.9,33.6,25.8,0.0,
2022,8,2,31.6,35.7,27.6,0.0,
2022,8,3,31.2,35.7,26.8,7.0,
2022,8,4,29.7,34.6,26.5,0.0,
2022,8,5,28.2,34.6,26.3,9.0,
2022,8,6,30.6,33.5,27.4,0.0,
2022,8,7,27.6,33.5,25.1,3.0,
2022,8,8,31.0,35.2,27.6,0.0,
2022,8,9,32.9,36.8,27.8,0.0,
2022,8,10,33.2,37.5,28.0,0.0,
2022,8,11,29.7,37.5,26.4,0.0,
2022,8,12,32.2,37.2,27.4,0.0,
2022,8,13,31.6,37.2,27.1,0.0,
2022,8,14,29.0,35.4,25.8,5.0,
2022,8,15,30.2,34.9,27.0,0.0,
2022,8,16,29.1,34.9,24.6,2.0,
2022,8,17,29.9,34.4,24.6,0.0,
2022,8,18,31.4,35.3,26.7,0.0,
2022,8,19,31.6,35.7,27.5,0.0,
2022,8,20,30.4,35.7,26.6,7.0,
2022,8,21,31.1,35.1,27.6,0.0,
2022,8,22,32.0,36.1,27.2,0.0,
2022,8,23,31.1,36.1,25.7,0.0,
2022,8,24,29.4,35.5,25.2,6.0,
2022,8,25,30.1,34.3,25.8,0.0,
2022,8,26,31.3,35.1,26.4,0.0,
2022,8,27,31.1,35.1,26.2,0.2,
2022,8,28,30.9,35.2,26.9,0.0,
2022,8,29,30.3,35.9,24.6,1.0,
2022,8,30,31.2,35.9,25.9,0.2,
2022,8,31,32.2,38.0,27.0,0.0,
2022,9,1,32.3,38.0,27.6,0.0,
2022,9,2,32.0,37.1,26.8,9.0,
2022,9,3,32.5,37.1,26.8,0.0,
2022,9,4,32.5,36.9,26.2,0.0,
2022,9,5,31.9,37.1,26.3,0.0,
2022,9,6,31.7,37.1,25.8,0.0,
2022,9,7,32.3,37.2,26.5,0.0,
2022,9,8,32.2,37.4,27.1,0.0,
2022,9,9,32.4,37.7,27.6,0.0,
2022,9,10,32.2,37.7,26.6,0.0,
2022,9,11,32.4,37.1,27.4,0.0,
2022,9,12,32.1,37.3,23.8,9.0,
2022,9,13,30.3,37.3,26.4,0.0,
2022,9,14,28.3,35.4,24.2,13.0,
2022,9,15,26.8,33.6,22.5,4.0,
2022,9,16,25.0,31.7,22.3,11.0,
2022,9,17,28.8,33.6,23.8,0.0,
2022,9,18,29.3,34.7,24.5,0.0,
2022,9,19,28.5,34.7,24.6,6.0,
2022,9,20,28.5,34.7,25.1,0.2,
2022,9,21,27.6,34.7,23.8,3.0,
2022,9,22,25.8,34.1,22.4,71.0,
2022,9,23,24.7,28.0,22.6,15.0,
2022,9,24,25.1,27.6,22.6,19.0,
2022,9,25,27.5,31.0,22.7,0.0,
2022,9,26,27.8,33.4,22.4,0.0,
2022,9,27,28.8,33.6,23.6,0.0,
2022,9,28,29.9,34.2,23.3,0.0,
2022,9,29,28.8,34.2,23.2,0.0,
2022,9,30,28.8,34.3,23.7,0.0,
2022,10,1,29.0,34.7,23.2,0.0,
2022,10,2,29.3,35.2,22.5,0.0,
2022,10,3,28.9,35.2,22.1,0.0,
2022,10,4,29.1,35.1,23.8,0.0,
2022,10,5,28.7,35.1,22.4,0.0,
2022,10,6,26.6,34.0,21.8,0.1,
2022,10,7,24.8,31.0,20.8,23.0,
2022,10,8,22.5,27.1,19.3,74.0,
2022,10,9,22.2,24.1,19.2,19.0,
2022,10,10,22.0,24.1,20.5,0.7,
2022,10,11,25.0,30.1,20.2,0.4,
2022,10,12,25.4,30.3,18.5,0.0,
2022,10,13,25.1,31.0,19.0,0.0,
2022,10,14,26.1,31.4,18.8,0.0,
2022,10,15,25.8,31.8,19.1,0.0,
2022,10,16,25.2,32.6,17.5,0.0,
2022,10,17,25.8,32.6,17.5,0.0,
2022,10,18,26.0,33.1,17.0,0.0,
2022,10,19,26.3,34.6,16.9,0.0,
2022,10,20,24.8,34.6,17.3,0.0,
2022,10,21,25.9,34.5,17.4,0.0,
2022,10,22,25.1,33.5,14.5,0.0,
2022,10,23,23.9,31.7,14.9,0.0,
2022,10,24,23.5,31.3,14.0,0.0,
2022,10,25,23.2,31.3,14.9,0.0,
2022,10,26,23.6,32.3,15.0,0.0,
2022,10,27,24.1,32.3,14.6,0.0,
2022,10,28,23.1,31.9,15.6,0.0,
2022,10,29,23.3,31.8,15.0,0.0,
2022,10,30,23.0,31.8,15.0,0.0,
2022,10,31,23.3,31.1,15.2,0.0,
2022,11,1,23.5,33.0,15.5,0.0,
2022,11,2,23.8,33.0,15.8,0.0,
2022,11,3,23.2,31.0,16.5,0.0,
2022,11,4,23.8,31.3,17.4,0.0,
2022,11,5,23.8,31.3,17.5,0.0,
2022,11,6,24.9,31.5,17.0,0.0,
2022,11,7,25.3,33.0,17.2,0.0,
2022,11,8,23.7,33.0,16.9,0.0,
2022,11,9,23.1,30.2,16.8,0.0,
2022,11,10,23.4,30.2,14.6,0.0,
2022,11,11,22.2,29.5,12.6,0.0,
2022,11,12,20.6,28.5,12.6,0.0,
2022,11,13,19.8,28.3,14.1,0.0,
2022,11,14,23.0,31.2,15.4,0.0,
2022,11,15,21.6,31.2,13.2,0.0,
2022,11,16,20.0,29.5,11.3,0.0,
2022,11,17,18.0,27.5,9.6,0.0,
2022,11,18,18.4,25.9,9.0,0.0,
2022,11,19,18.2,27.0,9.6,0.0,
2022,11,20,18.3,27.0,8.9,0.0,
2022,11,21,17.8,27.3,9.4,0.0,
2022,11,22,18.8,27.3,8.0,0.0,
2022,11,23,17.8,27.0,8.4,0.0,
2022,11,24,17.9,27.4,7.8,0.0,
2022,11,25,16.6,28.3,8.3,0.0,
2022,11,26,18.1,28.3,7.9,0.0,
2022,11,27,17.5,27.5,7.6,0.0,
2022,11,28,17.3,27.5,7.3,0.0,
2022,11,29,16.2,27.2,8.3,0.0,
2022,11,30,16.9,27.1,8.3,0.0,
2022,12,1,16.8,26.2,8.0,0.0,
2022,12,2,17.0,27.7,8.4,0.0,
2022,12,3,17.1,27.7,9.0,0.0,
2022,12,4,17.1,26.4,7.6,0.0,
2022,12,5,16.6,25.6,8.0,0.0,
2022,12,6,15.9,25.6,9.6,0.0,
2022,12,7,16.4,24.4,8.3,0.0,
2022,12,8,17.4,24.8,8.4,0.0,
2022,12,9,17.1,26.8,8.3,0.0,
2022,12,10,17.2,27.6,8.8,0.0,
2022,12,11,16.9,28.4,8.4,0.0,
2022,12,12,17.4,28.4,8.9,0.0,
2022,12,13,17.8,27.1,10.0,0.0,
2022,12,14,16.6,26.8,6.4,0.0,
2022,12,15,14.4,24.6,6.2,0.0,
2022,12,16,14.9,24.5,6.0,0.0,
2022,12,17,15.3,24.7,6.2,0.0,
2022,12,18,14.8,24.7,7.2,0.0,
2022,12,19,13.4,23.7,6.3,0.0,
2022,12,20,14.3,23.2,7.1,0.0,
2022,12,21,13.4,23.2,7.2,0.0,
2022,12,22,13.1,21.1,5.3,0.0,
2022,12,23,12.9,20.6,5.4,0.0,
2022,12,24,12.7,20.1,5.3,0.0,
2022,12,25,10.2,20.0,5.0,0.0,
2022,12,26,9.9,16.2,5.6,0.0,
2022,12,27,11.0,17.2,6.3,0.0,
2022,12,28,14.4,21.8,7.0,0.0,
2022,12,29,15.6,23.7,10.7,0.0,
2022,12,30,16.0,23.7,10.2,0.0,
2022,12,31,13.6,22.8,5.5,0.0,
2023,1,1,13.9,21.1,7.6,0.0,
2023,1,2,12.6,21.1,8.5,0.0,
2023,1,3,11.7,17.3,4.4,0.0,
2023,1,4,9.5,16.5,3.0,0.0,
2023,1,5,10.3,16.5,4.0,0.0,
2023,1,6,9.2,16.6,2.2,0.0,
2023,1,7,9.5,16.7,1.9,0.0,
2023,1,8,9.5,18.2,3.8,0.0,
2023,1,9,11.0,18.6,6.4,0.0,
2023,1,10,11.1,18.7,5.9,0.0,
2023,1,11,11.9,20.2,9.3,99.0,
2023,1,12,14.7,21.6,9.8,0.0,
2023,1,13,16.2,21.6,10.2,0.0,
2023,1,14,13.3,21.5,4.7,0.0,
2023,1,15,10.7,18.4,1.4,0.0,
2023,1,16,10.5,18.7,2.4,0.0,
2023,1,17,11.6,19.7,2.6,0.0,
2023,1,18,11.7,19.7,5.6,0.0,
2023,1,19,15.7,22.6,10.6,0.0,
2023,1,20,16.0,23.1,6.2,0.0,
2023,1,21,15.5,23.3,8.2,0.0,
2023,1,22,16.3,24.0,7.6,0.0,
2023,1,23,16.7,25.9,12.3,0.0,
2023,1,24,17.2,25.9,10.6,0.0,
2023,1,25,16.0,21.6,12.8,0.0,
2023,1,26,14.1,19.3,5.8,0.0,
2023,1,27,13.6,21.2,6.1,0.0,
2023,1,28,14.0,23.8,6.4,0.0,
2023,1,29,13.4,23.8,10.2,20.0,
2023,1,30,14.8,18.9,9.9,0.0,
2023,1,31,15.2,20.2,8.6,0.0,
2023,2,1,14.8,21.6,8.3,0.0,
2023,2,2,17.3,24.3,9.5,0.0,
2023,2,3,17.3,24.7,9.0,0.0,
2023,2,4,18.0,25.3,10.5,0.0,
2023,2,5,17.4,25.7,9.2,0.0,
2023,2,6,20.3,29.0,12.8,0.0,
2023,2,7,18.3,29.0,9.7,0.0,
2023,2,8,16.8,25.4,8.6,0.0,
2023,2,9,19.9,29.4,13.1,0.0,
2023,2,10,21.7,29.7,14.0,0.0,
2023,2,11,20.3,29.7,9.8,0.0,
2023,2,12,17.3,27.7,8.7,0.0,
2023,2,13,16.9,23.8,8.6,0.0,
2023,2,14,18.0,25.9,10.9,0.0,
2023,2,15,19.7,27.7,10.5,0.0,
2023,2,16,19.7,28.7,12.8,0.0,
2023,2,17,21.2,29.8,11.7,0.0,
2023,2,18,21.7,29.8,11.4,0.0,
2023,2,19,21.9,31.5,13.1,0.0,
2023,2,20,23.3,33.6,16.1,0.0,
2023,2,21,23.6,33.6,14.6,0.0,
2023,2,22,21.8,31.4,11.5,0.0,
2023,2,23,21.5,29.3,10.9,0.0,
2023,2,24,20.6,29.8,10.4,0.0,
2023,2,25,21.6,30.8,12.9,0.0,
2023,2,26,23.2,32.3,14.1,0.0,
2023,2,27,23.6,32.3,13.5,0.0,
2023,2,28,22.8,32.3,17.8,0.0,
2023,3,1,23.1,32.1,14.1,0.0,
2023,3,2,23.8,31.5,16.5,0.0,
2023,3,3,24.4,32.2,16.3,0.0,
2023,3,4,22.2,32.2,16.3,0.0,
2023,3,5,23.7,31.0,15.0,0.0,
2023,3,6,23.5,31.0,14.3,0.0,
2023,3,7,24.0,31.3,15.4,0.0,
2023,3,8,23.4,31.3,16.7,0.0,
2023,3,9,23.2,31.0,15.1,0.0,
2023,3,10,23.8,31.0,14.9,0.0,
2023,3,11,24.8,32.3,15.2,0.0,
2023,3,12,24.9,34.1,17.1,0.0,
2023,3,13,25.1,34.1,17.5,0.0,
2023,3,14,26.2,33.4,16.3,0.0,
2023,3,15,26.4,34.3,20.6,0.0,
2023,3,16,26.0,34.3,17.2,0.0,
2023,3,17,24.3,33.9,18.2,0.0,
2023,3,18,20.8,30.4,15.4,3.0,
2023,3,19,21.9,28.0,17.4,1.0,
2023,3,20,20.5,28.0,14.1,10.0,
2023,3,21,20.3,27.1,14.1,0.0,
2023,3,22,21.9,28.7,14.8,0.0,
2023,3,23,23.8,30.5,17.6,0.0,
2023,3,24,21.5,30.5,15.3,12.0,
2023,3,25,23.0,30.4,15.8,0.0,
2023,3,26,24.1,31.0,16.7,0.0,
2023,3,27,23.3,31.0,15.3,0.0,
2023,3,28,23.6,31.6,16.2,0.0,
2023,3,29,25.2,33.6,17.8,9.0,
2023,3,30,22.4,33.6,16.8,16.0,
2023,3,31,20.9,33.4,15.7,0.1,
2023,4,1,21.8,28.5,14.9,3.0,
2023,4,2,23.3,30.3,16.8,0.0,
2023,4,3,24.2,32.2,16.3,13.0,
2023,4,4,24.2,32.2,15.9,16.0,
2023,4,5,24.3,32.4,17.2,0.0,
2023,4,6,24.7,33.5,17.4,0.0,
2023,4,7,26.2,34.0,14.1,0.0,
2023,4,8,26.4,34.1,15.4,0.0,
2023,4,9,26.0,34.8,15.7,0.0,
2023,4,10,26.1,34.9,16.6,0.0,
2023,4,11,28.5,36.8,22.1,0.0,
2023,4,12,29.2,36.8,19.3,0.0,
2023,4,13,29.0,38.6,20.4,0.0,
2023,4,14,29.8,39.4,20.0,0.0,
2023,4,15,32.5,40.5,22.0,0.0,
2023,4,16,32.3,40.5,21.9,0.0,
2023,4,17,29.6,40.4,22.5,0.0,
2023,4,18,31.8,40.6,23.6,0.0,
2023,4,19,31.9,40.4,23.4,0.0,
2023,4,20,30.3,38.2,21.6,0.5,
2023,4,21,29.9,36.7,20.6,0.0,
2023,4,22,29.5,36.8,23.2,0.0,
2023,4,23,26.8,36.8,19.0,0.0,
2023,4,24,28.0,34.5,20.4,0.0,
2023,4,25,27.6,34.9,18.4,0.0,
2023,4,26,28.8,36.8,20.7,0.0,
2023,4,27,30.0,38.4,22.9,0.0,
2023,4,28,28.8,38.4,22.2,0.0,
2023,4,29,27.5,34.9,22.8,0.0,
2023,4,30,24.8,33.1,19.6,1.0,
2023,5,1,22.9,28.7,19.3,15.0,
2023,5,2,23.8,28.3,20.2,0.0,
2023,5,3,23.0,30.6,15.8,30.0,
2023,5,4,24.5,32.1,19.5,0.0,
2023,5,5,26.6,32.1,21.0,0.0,
2023,5,6,28.8,35.1,21.4,0.0,
2023,5,7,29.4,37.4,20.8,5.0,
2023,5,8,28.8,37.4,20.7,0.0,
2023,5,9,30.5,37.3,20.9,0.0,
2023,5,10,30.4,37.2,19.9,0.0,
2023,5,11,29.9,38.6,19.3,0.0,
2023,5,12,31.8,42.5,22.0,0.0,
2023,5,13,33.5,42.5,25.9,0.0,
2023,5,14,33.4,41.8,25.2,0.0,
2023,5,15,34.0,41.3,27.4,0.0,
2023,5,16,33.2,41.3,25.4,0.0,
2023,5,17,32.7,41.1,21.9,10.0,
2023,5,18,29.2,41.1,24.4,10.0,
2023,5,19,31.4,38.2,23.2,0.0,
2023,5,20,32.3,40.4,24.0,0.0,
2023,5,21,35.0,42.9,27.3,0.0,
2023,5,22,35.9,43.7,29.8,0.0,
2023,5,23,36.8,43.7,25.4,0.0,
2023,5,24,29.8,43.5,22.6,0.0,
2023,5,25,29.5,36.9,20.5,2.0,
2023,5,26,28.9,36.9,19.3,16.0,
2023,5,27,28.0,34.9,23.6,2.0,
2023,5,28,29.9,35.7,21.8,7.0,
2023,5,29,27.1,35.7,20.7,1.0,
2023,5,30,28.1,35.9,20.5,22.0,
2023,5,31,26.1,35.9,20.6,0.1,
2023,6,1,25.8,32.7,20.8,0.2,
2023,6,2,28.8,34.5,22.7,0.0,
2023,6,3,30.2,36.0,23.8,0.0,
2023,6,4,29.4,36.0,24.7,3.0,
2023,6,5,31.8,37.8,23.0,0.4,
2023,6,6,31.9,38.5,25.2,0.0,
2023,6,7,32.1,38.5,23.9,0.0,
2023,6,8,32.8,39.9,27.3,0.0,
2023,6,9,34.1,40.5,26.7,0.0,
2023,6,10,34.4,41.8,25.2,0.5,
2023,6,11,33.2,41.8,28.8,0.5,
2023,6,12,34.9,41.2,29.8,0.0,
2023,6,13,36.8,41.8,29.7,0.0,
2023,6,14,36.2,41.8,26.9,0.0,
2023,6,15,33.5,40.9,27.9,0.0,
2023,6,16,31.2,38.6,27.6,7.0,
2023,6,17,32.7,39.2,28.6,0.0,
2023,6,18,32.4,39.2,25.5,0.0,
2023,6,19,28.5,38.6,27.0,4.0,
2023,6,20,32.3,38.1,27.4,0.0,
2023,6,21,31.8,38.1,27.6,1.0,
2023,6,22,32.8,37.6,27.4,0.4,
2023,6,23,32.9,37.7,30.4,0.4,
2023,6,24,32.7,37.7,23.1,43.0,
2023,6,25,26.6,37.2,25.4,2.0,
2023,6,26,29.3,33.2,24.5,5.0,
2023,6,27,29.8,34.8,27.1,0.1,
2023,6,28,30.1,36.4,23.8,17.0,
2023,6,29,29.4,36.4,25.0,5.0,
2023,6,30,28.1,34.5,25.4,27.0,
2023,7,1,30.1,35.4,26.0,0.0,
2023,7,2,31.5,35.7,27.8,0.0,
2023,7,3,33.3,38.4,29.6,0.0,
2023,7,4,31.6,38.4,27.8,0.2,
2023,7,5,31.1,37.7,26.5,5.0,
2023,7,6,28.1,36.3,26.7,2.0,
2023,7,7,30.3,35.0,25.0,3.0,
2023,7,8,26.7,35.0,25.4,151.0,
2023,7,9,26.6,30.8,25.1,107.0,
2023,7,10,27.5,31.4,24.4,8.0,
2023,7,11,28.5,32.5,26.6,0.0,
2023,7,12,29.7,33.5,26.2,1.0,
2023,7,13,30.7,34.2,26.8,2.0,
2023,7,14,30.6,34.2,27.1,0.0,
2023,7,15,30.0,34.6,25.4,13.0,
2023,7,16,29.6,35.4,26.4,8.0,
2023,7,17,31.1,35.4,27.4,0.0,
2023,7,18,29.9,34.2,27.6,0.7,
2023,7,19,31.7,36.5,27.6,0.0,
2023,7,20,34.0,38.4,29.5,0.0,
2023,7,21,33.7,39.4,29.4,0.0,
2023,7,22,32.9,39.4,28.9,0.0,
2023,7,23,32.9,37.6,28.5,0.2,
2023,7,24,33.7,38.2,28.3,0.0,
2023,7,25,32.1,38.2,23.8,0.6,
2023,7,26,27.5,36.0,25.8,0.6,
2023,7,27,29.8,34.8,26.6,0.0,
2023,7,28,29.7,34.8,25.0,13.0,
2023,7,29,28.3,34.3,25.3,0.0,
2023,7,30,30.6,35.2,27.2,0.0,
2023,7,31,31.6,35.6,26.6,0.0,
2023,8,1,32.3,36.7,27.9,0.0,
2023,8,2,31.0,36.7,25.2,13.0,
2023,8,3,30.9,36.2,26.5,2.0,
2023,8,4,29.7,35.0,25.0,50.0,
2023,8,5,30.2,34.4,26.9,2.0,
2023,8,6,31.8,35.6,26.8,0.0,
2023,8,7,30.7,35.6,26.6,0.0,
2023,8,8,30.7,34.5,26.6,0.0,
2023,8,9,31.1,34.4,27.0,0.0,
2023,8,10,31.2,35.2,27.7,0.2,
2023,8,11,31.8,35.4,27.3,0.0,
2023,8,12,31.9,36.1,26.9,0.0,
2023,8,13,31.2,36.1,26.8,0.0,
2023,8,14,30.9,35.5,27.1,0.0,
2023,8,15,30.7,35.5,26.4,0.2,
2023,8,16,31.7,36.1,27.5,0.0,
2023,8,17,32.7,36.7,28.2,0.0,
2023,8,18,33.0,37.4,25.4,6.0,
2023,8,19,30.3,37.4,28.2,0.3,
2023,8,20,32.8,36.8,28.4,0.0,
2023,8,21,33.5,38.1,29.0,0.0,
2023,8,22,31.2,38.1,26.8,0.0,
2023,8,23,27.8,35.8,24.3,7.0,
2023,8,24,29.1,33.2,25.5,0.0,
2023,8,25,30.9,35.3,26.3,0.0,
2023,8,26,31.4,35.6,26.9,0.0,
2023,8,27,31.2,36.2,26.4,0.0,
2023,8,28,31.2,36.2,26.6,0.0,
2023,8,29,32.1,36.5,27.3,0.0,
2023,8,30,32.0,36.5,25.9,0.0,
2023,8,31,31.7,36.8,27.2,0.0,
2023,9,1,32.2,37.0,27.3,0.0,
2023,9,2,32.9,37.0,25.5,0.0,
2023,9,3,32.3,37.2,26.3,0.0,
2023,9,4,31.9,40.1,26.4,0.0,
2023,9,5,32.3,40.1,25.9,0.0,
2023,9,6,32.4,38.6,27.0,0.0,
2023,9,7,30.9,37.7,26.4,0.0,
2023,9,8,32.1,37.7,23.2,9.0,
2023,9,9,26.7,36.4,23.5,36.0,
2023,9,10,26.2,32.0,23.7,1.0,
2023,9,11,28.6,33.5,24.8,0.0,
2023,9,12,29.7,34.5,25.7,0.0,
2023,9,13,31.4,36.1,27.8,0.0,
2023,9,14,32.5,37.6,23.7,0.0,
2023,9,15,30.3,37.6,26.9,1.0,
2023,9,16,28.7,34.2,24.3,12.0,
2023,9,17,28.9,33.8,25.3,0.0,
2023,9,18,30.2,34.3,26.4,0.0,
2023,9,19,31.3,36.1,26.6,0.0,
2023,9,20,31.8,37.2,27.3,0.0,
2023,9,21,31.1,37.2,26.5,1.0,
2023,9,22,31.3,37.2,27.0,0.0,
2023,9,23,29.4,36.8,24.6,15.0,
2023,9,24,28.1,35.1,23.6,0.0,
2023,9,25,29.6,35.6,24.4,0.0,
2023,9,26,30.5,35.6,24.1,0.0,
2023,9,27,29.7,35.5,22.2,0.0,
2023,9,28,28.6,35.2,21.4,0.0,
2023,9,29,28.5,35.5,22.6,0.0,
2023,9,30,29.4,35.8,22.1,0.0,
2023,10,1,28.9,35.8,20.1,0.0,
2023,10,2,27.2,35.3,18.3,0.0,
2023,10,3,26.3,35.1,18.5,0.0,
2023,10,4,27.7,34.4,19.4,0.0,
2023,10,5,27.3,35.1,18.6,0.0,
2023,10,6,27.8,36.3,20.9,0.0,
2023,10,7,28.7,36.3,23.1,0.0,
2023,10,8,29.8,36.5,24.4,0.0,
2023,10,9,30.4,36.7,22.7,0.0,
2023,10,10,28.9,36.7,19.4,0.0,
2023,10,11,26.9,36.1,16.4,0.0,
2023,10,12,27.2,35.0,19.8,0.0,
2023,10,13,28.4,36.2,21.1,0.0,
2023,10,14,28.6,36.5,21.6,0.0,
2023,10,15,27.4,36.5,21.1,0.0,
2023,10,16,24.7,34.6,17.2,5.0,
2023,10,17,22.1,30.5,17.3,0.0,
2023,10,18,21.1,26.2,15.9,0.0,
2023,10,19,23.0,30.7,16.1,0.0,
2023,10,20,23.4,31.1,15.8,0.0,
2023,10,21,23.8,31.4,15.6,0.0,
2023,10,22,23.5,31.4,17.2,0.0,
2023,10,23,23.7,31.5,16.1,0.0,
2023,10,24,23.8,32.1,16.0,0.0,
2023,10,25,23.5,32.1,15.8,0.0,
2023,10,26,23.8,31.8,15.2,0.0,
2023,10,27,23.1,32.2,14.3,0.0,
2023,10,28,23.7,32.5,16.3,0.0,
2023,10,29,23.6,33.4,16.2,0.0,
2023,10,30,24.6,33.5,17.3,0.0,
2023,10,31,24.3,33.5,16.4,0.0,
2023,11,1,23.9,32.3,16.3,0.0,
2023,11,2,23.2,32.3,16.8,0.0,
2023,11,3,22.3,30.2,16.6,0.0,