年月日,降水量の合計(mm),平均気温(℃),平均風速(m/s),平均現地気圧(hPa),平均湿度(％)
2019/1/1,0,5.3,2.3,1019.6,54
2019/1/2,0,6.2,2.9,1017.7,47
2019/1/3,0,4.9,3.1,1020.2,49
2019/1/4,0,5.1,2.0,1023.0,59
2019/1/5,0,7.4,2.1,1010.6,52
2019/1/6,0,5.3,3.0,1015.2,44
2019/1/7,0,5.4,2.8,1016.4,42
2019/1/8,0,4.6,1.6,1012.3,59
2019/1/9,0,4.5,4.7,1016.6,46
2019/1/10,0,2.0,1.8,1014.8,48
2019/1/11,0,6.4,2.9,1014.6,47
2019/1/12,0.0,4.6,2.0,1016.7,67
2019/1/13,0.0,6.2,2.2,1016.1,62
2019/1/14,0,5.6,2.0,1020.0,59
2019/1/15,0.5,5.6,2.3,1016.3,76
2019/1/16,0,6.6,2.9,1009.1,50
2019/1/17,0,6.6,2.2,1007.5,51
2019/1/18,0,5.9,3.9,1013.6,35
2019/1/19,0,6.6,2.5,1017.0,40
2019/1/20,0,7.1,2.4,1004.8,51
2019/1/21,0,5.8,3.2,1006.7,39
2019/1/22,0,5.0,2.7,1009.0,48
2019/1/23,0,6.7,2.6,1009.0,53
2019/1/24,0,6.2,4.4,1010.0,36
2019/1/25,0,6.0,3.0,1011.7,41
2019/1/26,0,4.5,4.4,1003.9,50
2019/1/27,0,4.6,4.4,1014.0,43
2019/1/28,0,6.5,2.6,1009.6,49
2019/1/29,0,6.0,5.3,1014.5,39
2019/1/30,0,5.2,1.9,1020.1,58
2019/1/31,15.5,5.1,1.9,1005.6,72
2019/2/1,0,4.1,4.1,1008.0,45
2019/2/2,0,6.0,2.0,1014.9,54
2019/2/3,0,8.5,2.1,1014.7,58
2019/2/4,0.0,13.2,4.3,1006.1,54
2019/2/5,0.0,6.7,2.4,1020.2,55
2019/2/6,15.0,5.7,2.3,1012.9,89
2019/2/7,0,9.6,2.2,1006.6,79
2019/2/8,0,6.1,3.8,1011.9,39
2019/2/9,2.0,0.8,2.6,1014.6,83
2019/2/10,0.0,3.5,2.9,1020.3,56
2019/2/11,0.0,3.0,1.8,1021.3,70
2019/2/12,0,6.2,2.7,1020.2,47
2019/2/13,0.0,5.2,2.2,1019.7,55
2019/2/14,0,4.5,3.8,1022.3,40
2019/2/15,0.0,3.0,2.0,1020.1,64
2019/2/16,0,6.8,2.3,1007.0,50
2019/2/17,0,6.4,3.8,1012.6,36
2019/2/18,0,8.2,2.4,1020.6,49
2019/2/19,1.5,9.1,2.0,1018.3,74
2019/2/20,0.5,11.6,2.3,1007.9,81
2019/2/21,0.0,10.3,3.9,1014.4,46
2019/2/22,0,9.3,2.5,1015.3,62
2019/2/23,0.0,8.9,4.0,1011.4,44
2019/2/24,0,8.8,2.6,1019.4,52
2019/2/25,0.0,11.3,1.8,1012.2,62
2019/2/26,0.0,10.2,2.6,1014.8,59
2019/2/27,0.5,7.7,2.0,1021.1,54
2019/2/28,22.5,6.6,2.3,1011.6,92
2019/3/1,1.5,8.8,2.0,1011.9,78
2019/3/2,0,10.3,3.6,1015.5,39
2019/3/3,13.5,6.5,2.7,1013.3,82
2019/3/4,27.5,7.3,3.5,1002.7,99
2019/3/5,0.5,9.6,2.4,1015.2,73
2019/3/6,3.0,10.8,1.5,1013.8,82
2019/3/7,28.0,8.2,2.6,1001.4,97
2019/3/8,0,7.3,4.8,1016.2,47
2019/3/9,0,10.0,3.6,1021.1,52
2019/3/10,6.5,12.5,2.0,1014.2,67
2019/3/11,32.0,12.3,3.5,994.1,76
2019/3/12,0,12.4,3.0,1001.6,52
2019/3/13,0,11.7,3.6,1002.8,51
2019/3/14,0,8.4,2.4,1014.2,38
2019/3/15,0,9.7,3.2,1016.3,45
2019/3/16,0.0,8.9,2.4,1009.9,64
2019/3/17,0.0,9.1,2.7,1013.9,42
2019/3/18,0,9.7,3.2,1019.0,49
2019/3/19,0,13.2,2.2,1013.0,52
2019/3/20,0,15.0,2.7,1014.7,47
2019/3/21,0.0,17.7,5.9,1004.4,73
2019/3/22,0.0,16.2,3.7,1000.2,55
2019/3/23,0.0,7.1,3.2,1009.0,52
2019/3/24,0,8.2,2.5,1012.0,37
2019/3/25,0,9.9,2.4,1014.3,50
2019/3/26,0.0,11.9,2.1,1008.0,58
2019/3/27,0,14.2,4.3,1008.1,39
2019/3/28,0.0,13.6,3.4,1004.4,44
2019/3/29,0.0,7.7,2.6,1013.8,56
2019/3/30,3.5,8.7,2.2,1010.2,80
2019/3/31,1.5,10.5,2.2,1003.2,73
2019/4/1,5.5,8.8,3.1,1008.9,60
2019/4/2,0.0,7.2,3.1,1011.5,55
2019/4/3,0,8.1,3.8,1014.3,39
2019/4/4,0,10.6,2.8,1010.8,45
2019/4/5,0,15.4,4.0,1001.4,45
2019/4/6,0,15.9,2.8,1004.1,42
2019/4/7,0,15.5,2.2,1003.8,55
2019/4/8,11.0,9.3,3.1,1005.1,79
2019/4/9,0,10.3,3.8,1013.3,51
2019/4/10,29.5,5.7,2.8,1008.8,90
2019/4/11,1.5,10.4,4.8,1003.9,59
2019/4/12,0.0,9.6,2.3,1013.6,52
2019/4/13,0,12.1,3.2,1019.1,46
2019/4/14,0.0,14.7,3.6,1015.0,59
2019/4/15,5.0,16.0,4.0,1005.7,54
2019/4/16,0,15.3,4.2,1015.2,44
2019/4/17,0,15.5,2.6,1013.5,65
2019/4/18,0,17.5,3.0,1009.2,62
2019/4/19,0.0,18.3,2.9,1007.4,68
2019/4/20,0,14.2,3.7,1012.5,63
2019/4/21,0,17.5,2.3,1010.0,73
2019/4/22,0.0,19.2,2.6,1011.3,69
2019/4/23,0.0,18.7,3.3,1018.1,61
2019/4/24,3.0,19.1,4.5,1013.5,87
2019/4/25,4.0,20.3,2.8,1001.1,93
2019/4/26,4.5,11.6,3.3,1002.5,93
2019/4/27,6.5,10.2,3.3,1006.2,78
2019/4/28,0,12.6,3.9,1018.6,45
2019/4/29,0.0,14.8,3.1,1019.2,64
2019/4/30,20.0,14.8,3.1,1010.7,96
2019/5/1,26.0,17.4,2.3,998.4,92
2019/5/2,3.5,17.3,1.9,1003.0,71
2019/5/3,0,18.5,2.3,1011.2,51
2019/5/4,0.0,18.4,2.5,1015.3,68
2019/5/5,0,18.9,3.0,1017.2,65
2019/5/6,0.0,18.8,4.5,1010.3,70
2019/5/7,0.0,15.3,3.3,1007.7,53
2019/5/8,0,16.5,4.2,1009.6,42
2019/5/9,0,18.6,3.7,1005.8,51
2019/5/10,0,20.6,2.6,1008.9,46
2019/5/11,0,20.9,2.7,1010.2,62
2019/5/12,0,17.6,3.1,1013.7,71
2019/5/13,0.0,17.7,3.1,1016.2,68
2019/5/14,0.5,17.9,3.6,1015.1,81
2019/5/15,0.0,18.7,3.6,1014.1,72
2019/5/16,0.0,20.0,2.7,1013.4,66
2019/5/17,0,20.0,3.0,1017.2,68
2019/5/18,0.0,20.3,3.5,1020.3,66
2019/5/19,0.0,20.5,3.9,1019.6,65
2019/5/20,0.0,20.5,4.3,1013.3,73
2019/5/21,82.0,19.4,4.6,1000.1,99
2019/5/22,0,19.4,2.6,1003.2,62
2019/5/23,0,21.3,3.0,1006.3,51
2019/5/24,0,23.1,2.7,1007.9,49
2019/5/25,0,24.4,2.7,1013.0,52
2019/5/26,0,25.2,2.3,1013.9,58
2019/5/27,0,26.1,3.0,1010.3,60
2019/5/28,1.0,23.5,5.8,1003.6,61
2019/5/29,7.5,20.2,3.4,1001.5,85
2019/5/30,0.0,21.2,3.6,1010.0,61
2019/5/31,0.0,21.6,3.8,1008.2,74
2019/6/1,0,21.8,2.8,1006.5,71
2019/6/2,0,22.0,2.3,1008.3,76
2019/6/3,0.0,22.2,2.9,1007.7,74
2019/6/4,0,22.4,3.1,1009.3,75
2019/6/5,0,22.6,2.9,1007.7,77
2019/6/6,0,25.2,2.7,1008.1,69
2019/6/7,19.5,21.0,2.1,1004.8,94
2019/6/8,0.0,20.8,2.2,998.1,88
2019/6/9,10.0,17.5,2.7,1005.9,89
2019/6/10,92.5,16.2,2.9,1002.7,100
2019/6/11,1.0,18.3,2.8,1003.6,79
2019/6/12,0.5,18.0,2.1,1006.0,78
2019/6/13,0,20.7,3.2,1009.7,74
2019/6/14,0.0,22.2,3.7,1010.5,72
2019/6/15,51.0,17.3,2.6,998.5,99
2019/6/16,5.0,23.5,3.6,988.7,66
2019/6/17,0,23.6,4.2,1005.4,50
2019/6/18,0,23.4,3.5,1008.8,67
2019/6/19,0,23.5,3.0,1003.9,76
2019/6/20,0.0,24.1,2.7,1003.1,77
2019/6/21,0.0,24.6,4.0,1006.0,80
2019/6/22,6.0,22.2,3.0,1002.0,91
2019/6/23,0.0,21.4,2.2,1002.8,88
2019/6/24,25.5,19.1,2.5,1007.9,98
2019/6/25,0,22.3,2.6,1014.2,81
2019/6/26,0,24.7,3.7,1011.9,75
2019/6/27,2.0,25.6,4.4,1004.5,80
2019/6/28,3.5,25.2,3.0,997.8,87
2019/6/29,3.0,20.2,1.9,1001.3,99
2019/6/30,5.5,21.6,1.6,996.9,99
2019/7/1,1.5,22.7,1.6,1001.3,100
2019/7/2,0.5,23.8,1.6,1005.1,94
2019/7/3,1.0,24.9,2.1,1007.8,86
2019/7/4,10.5,22.7,3.7,1002.4,95
2019/7/5,4.5,21.9,2.2,1004.1,84
2019/7/6,14.5,21.0,3.0,1002.9,93
2019/7/7,22.5,19.2,3.2,1003.7,99
2019/7/8,0.0,20.3,2.8,1006.6,81
2019/7/9,0.0,19.7,2.6,1007.4,79
2019/7/10,0.0,21.0,2.7,1010.0,75
2019/7/11,2.0,19.9,2.2,1011.5,84
2019/7/12,12.5,20.2,1.6,1004.0,100
2019/7/13,0.5,23.4,2.1,1001.4,90
2019/7/14,39.0,21.3,1.9,999.5,100
2019/7/15,7.0,21.3,2.6,1005.1,93
2019/7/16,33.5,20.5,1.9,1010.3,100
2019/7/17,0.5,23.9,2.1,1011.0,89
2019/7/18,9.5,25.6,2.0,1010.8,89
2019/7/19,3.5,26.7,2.7,1008.4,89
2019/7/20,0.0,26.5,1.9,1011.6,89
2019/7/21,0.0,25.0,2.1,1011.7,93
2019/7/22,0.5,22.7,1.8,1008.2,98
2019/7/23,4.0,24.5,1.9,1003.8,95
2019/7/24,6.0,26.8,2.4,1004.6,86
2019/7/25,0.0,28.0,2.9,1007.2,82
2019/7/26,0.5,28.5,4.2,1009.1,76
2019/7/27,4.0,28.0,5.4,1007.5,86
2019/7/28,15.0,27.7,3.6,1009.0,88
2019/7/29,0.0,29.0,2.6,1009.4,83
2019/7/30,0,29.5,3.0,1008.0,81
2019/7/31,0,30.0,2.8,1008.5,81
2019/8/1,0,30.5,2.5,1008.5,80
2019/8/2,0,30.2,2.7,1008.4,80
2019/8/3,0,29.4,2.9,1008.7,78
2019/8/4,0,29.4,2.8,1009.5,76
2019/8/5,0,29.8,3.0,1009.5,75
2019/8/6,0,30.3,3.8,1008.4,76
2019/8/7,0,30.4,3.1,1007.4,74
2019/8/8,0,29.9,2.8,1006.6,78
2019/8/9,0,30.1,3.3,1005.5,74
2019/8/10,0,29.6,3.2,1005.4,76
2019/8/11,0.0,29.4,2.8,1005.9,76
2019/8/12,0.5,28.8,2.6,1005.7,81
2019/8/13,0.0,29.3,2.6,1003.8,83
2019/8/14,8.5,29.2,3.8,1003.4,85
2019/8/15,20.0,29.2,6.4,1000.1,83
2019/8/16,0.0,29.0,7.1,995.4,79
2019/8/17,0,30.3,3.7,999.0,73
2019/8/18,0,30.1,2.4,1004.4,73
2019/8/19,0.5,28.1,3.2,1008.5,83
2019/8/20,13.0,26.5,2.3,1007.5,91
2019/8/21,3.0,27.0,2.9,1006.7,83
2019/8/22,20.0,26.0,2.3,1006.6,91
2019/8/23,4.5,26.3,3.0,1002.6,94
2019/8/24,0.0,27.3,2.5,1004.7,79
2019/8/25,15.0,25.8,2.5,1006.9,78
2019/8/26,0.0,25.3,2.8,1010.3,76
2019/8/27,6.0,25.3,2.4,1011.1,84
2019/8/28,7.0,25.6,4.4,1004.3,91
2019/8/29,0.0,28.9,3.4,1003.7,75
2019/8/30,12.0,26.0,3.2,1005.3,89
2019/8/31,0.0,27.3,2.1,1008.7,81
2019/9/1,0.0,27.7,2.3,1014.0,77
2019/9/2,0,27.6,2.4,1013.9,83
2019/9/3,1.5,25.8,2.6,1014.0,88
2019/9/4,0.0,23.7,2.5,1016.0,84
2019/9/5,0,25.7,1.8,1015.6,81
2019/9/6,0,27.9,2.8,1013.7,79
2019/9/7,0.0,28.4,2.7,1012.6,80
2019/9/8,8.5,29.1,3.1,1008.9,82
2019/9/9,119.0,29.0,5.6,1000.4,79
2019/9/10,0.5,29.9,2.4,1010.1,74
2019/9/11,7.5,27.4,2.4,1008.9,88
2019/9/12,0,25.1,3.1,1010.2,70
2019/9/13,0,22.4,2.8,1013.9,67
2019/9/14,0.0,22.1,2.1,1012.1,80
2019/9/15,0.5,25.2,2.7,1007.0,75
2019/9/16,28.5,22.9,2.2,1000.3,99
2019/9/17,0,25.8,2.7,1006.5,79
2019/9/18,9.5,21.2,2.4,1008.7,90
2019/9/19,0.0,22.1,2.7,1010.7,75
2019/9/20,0.0,22.8,2.4,1014.5,65
2019/9/21,0.0,21.8,2.3,1018.4,75
2019/9/22,17.0,22.4,2.3,1015.6,80
2019/9/23,3.5,26.0,5.5,1005.1,85
2019/9/24,1.0,25.4,2.6,1008.2,75
2019/9/25,0.0,24.3,2.6,1016.4,69
2019/9/26,0,22.8,2.5,1023.2,73
2019/9/27,0,23.0,2.2,1023.5,76
2019/9/28,0,24.4,2.9,1019.4,74
2019/9/29,0.0,24.7,2.4,1013.1,83
2019/9/30,0,25.2,2.2,1013.6,70
2019/10/1,0,24.5,2.3,1017.3,70
2019/10/2,0,23.9,2.2,1017.1,75
2019/10/3,0.0,24.5,3.9,1012.2,74
2019/10/4,10.0,24.8,5.0,1001.2,76
2019/10/5,0,26.1,3.7,1006.1,58
2019/10/6,5.5,20.5,3.1,1015.3,85
2019/10/7,7.0,20.0,2.3,1018.5,79
2019/10/8,5.5,21.7,2.4,1007.1,89
2019/10/9,0,20.8,3.5,1012.5,50
2019/10/10,9.0,19.4,2.7,1016.1,73
2019/10/11,7.5,19.6,2.7,1011.1,97
2019/10/12,209.5,23.3,5.5,990.7,98
2019/10/13,0.0,24.5,4.4,1006.4,53
2019/10/14,5.0,17.0,3.0,1017.4,88
2019/10/15,0.0,18.4,2.8,1018.5,80
2019/10/16,0.0,16.1,2.2,1022.0,69
2019/10/17,4.5,16.2,1.8,1022.5,87
2019/10/18,5.5,16.5,2.5,1024.1,91
2019/10/19,53.5,17.4,2.3,1013.6,99
2019/10/20,0.0,20.1,1.9,1014.2,85
2019/10/21,6.5,18.2,2.8,1016.9,78
2019/10/22,65.0,15.4,3.6,1010.3,93
2019/10/23,0.0,18.5,2.1,1013.9,76
2019/10/24,3.0,18.1,3.1,1020.0,81
2019/10/25,120.5,15.1,3.9,1009.2,99
2019/10/26,0.5,18.1,2.1,1006.6,86
2019/10/27,0.0,18.3,2.1,1009.4,78
2019/10/28,0.0,17.4,2.5,1015.5,71
2019/10/29,11.5,14.5,2.3,1013.3,93
2019/10/30,0,16.5,1.4,1014.2,81
2019/10/31,0,16.8,1.8,1015.7,83
2019/11/1,0,17.4,2.0,1012.4,73
2019/11/2,0,15.7,2.2,1017.2,63
2019/11/3,10.5,15.8,2.0,1012.5,79
2019/11/4,1.0,14.6,2.2,1011.5,74
2019/11/5,0,13.7,2.1,1012.4,58
2019/11/6,0,14.3,1.8,1011.7,61
2019/11/7,0,16.0,2.8,1009.2,62
2019/11/8,0,15.1,2.9,1012.6,54
2019/11/9,0,13.3,2.2,1013.6,62
2019/11/10,0.0,13.9,2.3,1011.6,64
2019/11/11,6.5,12.9,2.0,1006.3,89
2019/11/12,0,15.1,3.2,1011.0,59
2019/11/13,0.5,13.3,2.2,1016.6,62
2019/11/14,0.0,16.9,3.3,1006.1,58
2019/11/15,0,12.6,1.9,1013.5,64
2019/11/16,0,12.8,1.9,1013.2,65
2019/11/17,0,13.4,2.8,1019.2,54
2019/11/18,0.0,16.1,4.3,1013.2,68
2019/11/19,3.0,15.8,2.6,1004.6,74
2019/11/20,0,12.0,4.0,1016.6,40
2019/11/21,0,11.3,2.6,1027.2,46
2019/11/22,47.0,8.1,3.0,1028.7,87
2019/11/23,60.5,11.3,3.5,1024.4,100
2019/11/24,19.0,15.9,2.3,1014.7,99
2019/11/25,1.0,16.6,2.2,1013.1,89
2019/11/26,1.5,8.8,3.2,1025.9,81
2019/11/27,2.5,9.3,1.8,1019.2,89
2019/11/28,3.5,8.5,2.5,1017.5,84
2019/11/29,0,5.2,2.4,1021.4,56
2019/11/30,0,7.3,2.4,1024.6,56
2019/12/1,0,7.4,1.7,1022.4,67
2019/12/2,36.0,9.5,2.0,1007.8,94
2019/12/3,0.0,11.8,2.4,1009.7,55
2019/12/4,0,10.2,2.1,1014.5,51
2019/12/5,0,9.6,2.3,1017.3,50
2019/12/6,0,8.0,2.2,1021.5,52
2019/12/7,1.5,5.5,1.9,1020.4,74
2019/12/8,0,7.4,1.9,1019.7,59
2019/12/9,1.0,6.4,2.7,1024.3,66
2019/12/10,5.5,10.2,1.9,1019.5,87
2019/12/11,0.5,11.7,1.9,1012.6,86
2019/12/12,0,11.7,2.7,1009.4,62
2019/12/13,0,7.5,2.4,1022.9,52
2019/12/14,0,9.4,2.4,1015.8,56
2019/12/15,0,8.7,3.6,1022.5,44
2019/12/16,0,7.8,1.9,1024.9,60
2019/12/17,1.0,8.2,1.8,1015.5,85
2019/12/18,0.0,11.1,1.8,1008.7,78
2019/12/19,0.0,9.0,2.1,1016.0,75
2019/12/20,0,10.6,2.3,1015.2,64
2019/12/21,0.0,8.1,2.1,1020.8,73
2019/12/22,16.5,6.8,2.2,1016.1,87
2019/12/23,13.5,6.8,2.6,1011.8,86
2019/12/24,0,8.2,3.5,1018.8,53
2019/12/25,0.0,5.9,2.0,1021.5,56
2019/12/26,0,7.8,2.0,1009.6,68
2019/12/27,0.5,8.7,4.0,1001.8,68
2019/12/28,0,6.8,3.5,1019.9,44
2019/12/29,0,7.0,1.9,1026.5,50
2019/12/30,0.5,6.7,1.8,1021.0,72
2019/12/31,0,8.2,3.6,1009.1,60
2020/1/1,0,5.5,2.6,1018.0,49
2020/1/2,0,6.2,1.8,1017.9,60
2020/1/3,0,6.1,1.4,1013.3,63
2020/1/4,0.0,7.2,2.3,1011.0,53
2020/1/5,1.0,5.4,3.0,1018.2,61
2020/1/6,0,7.5,3.0,1022.4,44
2020/1/7,2.0,5.7,2.0,1021.7,71
2020/1/8,11.5,5.2,2.0,1000.6,97
2020/1/9,0.0,10.6,3.6,1005.8,47
2020/1/10,0.0,8.4,2.4,1012.8,59
2020/1/11,0,7.0,1.8,1012.2,68
2020/1/12,0.0,6.7,1.6,1008.1,72
2020/1/13,0,8.5,1.8,1008.5,68
2020/1/14,0,8.4,1.8,1016.4,71
2020/1/15,15.0,6.8,2.5,1013.3,87
2020/1/16,0,6.7,2.2,1018.1,49
2020/1/17,0.0,7.3,2.5,1016.0,59
2020/1/18,8.5,3.8,3.1,1010.5,84
2020/1/19,0.0,6.5,2.4,1011.3,64
2020/1/20,0,7.5,2.0,1009.1,62
2020/1/21,0,7.4,3.8,1017.2,46
2020/1/22,0.0,4.9,1.9,1025.1,55
2020/1/23,2.5,6.1,1.8,1018.2,84
2020/1/24,0,9.9,1.8,1019.0,73
2020/1/25,0,7.8,2.6,1024.6,47
2020/1/26,6.0,5.0,1.3,1023.7,78
2020/1/27,5.0,5.1,2.0,1022.7,72
2020/1/28,55.5,4.4,3.6,1014.5,98
2020/1/29,28.0,11.8,2.5,998.9,83
2020/1/30,0,11.7,2.1,995.7,61
2020/1/31,0,8.1,4.8,1001.6,44
2020/2/1,0,7.9,3.6,1011.6,40
2020/2/2,0,8.7,2.9,1018.3,40
2020/2/3,0.0,9.3,2.4,1014.3,52
2020/2/4,0.0,7.9,2.4,1016.4,54
2020/2/5,0,7.6,3.0,1009.5,49
2020/2/6,0,2.9,4.9,1019.7,34
2020/2/7,0,2.4,2.0,1022.8,48
2020/2/8,0.0,6.2,2.4,1010.6,45
2020/2/9,0,3.9,4.0,1013.1,37
2020/2/10,0,4.6,2.2,1011.8,46
2020/2/11,0,6.3,2.6,1022.7,46
2020/2/12,0.0,8.7,2.0,1022.1,51
2020/2/13,0.0,11.7,1.7,1011.8,61
2020/2/14,0.0,12.0,1.7,1015.4,75
2020/2/15,0,12.4,1.7,1017.0,66
2020/2/16,8.5,9.3,1.8,1006.0,91
2020/2/17,0.0,10.3,2.3,997.7,86
2020/2/18,0.0,7.6,2.7,1008.2,44
2020/2/19,0,8.1,2.7,1021.7,44
2020/2/20,0.0,9.0,2.2,1025.7,58
2020/2/21,0,10.0,2.8,1030.5,64
2020/2/22,2.5,12.5,4.1,1016.7,77
2020/2/23,0,10.4,3.3,1012.9,35
2020/2/24,0,9.8,2.5,1018.3,50
2020/2/25,0.0,10.5,2.1,1016.2,60
2020/2/26,3.0,8.1,2.2,1011.6,88
2020/2/27,0.0,7.0,4.2,1014.9,49
2020/2/28,0,7.0,2.7,1019.7,48
2020/2/29,1.0,9.4,2.2,1015.0,64
2020/3/1,0.5,12.0,2.4,1012.7,65
2020/3/2,10.0,7.3,2.5,1013.5,94
2020/3/3,0.0,11.3,3.2,1017.3,59
2020/3/4,1.5,8.9,2.1,1015.4,85
2020/3/5,1.0,9.2,5.1,1003.7,53
2020/3/6,0,9.4,4.0,1014.4,33
2020/3/7,1.5,7.3,2.4,1020.2,68
2020/3/8,6.0,7.2,2.5,1015.5,94
2020/3/9,0.0,13.1,2.7,1013.7,79
2020/3/10,24.5,14.7,2.5,1000.1,97
2020/3/11,0.0,15.3,3.3,997.3,58
2020/3/12,0,11.4,4.1,1016.7,48
2020/3/13,0,12.5,2.4,1012.5,62
2020/3/14,25.0,5.5,3.2,1006.1,88
2020/3/15,0,7.1,2.6,1002.6,67
2020/3/16,0,7.1,4.7,1003.9,55
2020/3/17,0,7.7,3.3,1012.1,47
2020/3/18,0.0,11.9,2.7,1010.0,52
2020/3/19,1.0,14.6,3.7,1006.7,65
2020/3/20,0.0,14.5,3.5,999.7,48
2020/3/21,0,13.8,2.9,1007.9,44
2020/3/22,0,16.8,3.5,1003.9,49
2020/3/23,0.0,10.3,2.7,1007.3,59
2020/3/24,0.0,8.2,4.7,1011.6,44
2020/3/25,0,10.0,3.0,1017.4,45
2020/3/26,0,13.0,2.2,1017.9,50
2020/3/27,0.0,16.2,4.7,1012.7,69
2020/3/28,8.5,15.5,4.4,1008.8,83
2020/3/29,51.5,3.6,2.8,1016.7,96
2020/3/30,0,7.6,1.9,1020.1,72
2020/3/31,0.0,9.8,1.9,1019.4,79
2020/4/1,31.0,11.4,2.7,1003.9,97
2020/4/2,0.0,13.9,6.2,1003.7,45
2020/4/3,0,12.8,3.3,1016.8,50
2020/4/4,0,15.7,3.9,1010.6,62
2020/4/5,0.0,10.2,2.6,1008.4,73
2020/4/6,0,12.1,3.0,1011.1,43
2020/4/7,0,12.4,2.7,1010.6,50
2020/4/8,0,14.3,2.6,1009.5,60
2020/4/9,0.5,13.3,3.3,1012.6,62
2020/4/10,0,11.2,3.8,1014.6,49
2020/4/11,0.5,11.4,3.2,1015.3,48
2020/4/12,6.5,10.3,2.5,1011.0,84
2020/4/13,132.0,8.0,3.9,993.0,97
2020/4/14,1.5,10.9,4.7,1002.2,54
2020/4/15,0,13.8,3.1,1008.9,48
2020/4/16,0.5,11.7,3.7,1014.4,66
2020/4/17,0.5,12.4,3.0,1021.3,62
2020/4/18,89.5,12.9,3.1,1006.4,96
2020/4/19,0,14.7,3.5,1009.5,64
2020/4/20,15.0,9.7,2.5,1008.8,94
2020/4/21,0,14.2,1.7,1003.7,82
2020/4/22,0.0,13.5,2.3,1001.3,65
2020/4/23,1.0,11.9,3.1,1004.4,56
2020/4/24,0.5,12.2,3.3,1007.2,55
2020/4/25,0,12.7,3.7,1014.0,61
2020/4/26,0,18.3,5.0,1009.7,52
2020/4/27,12.5,12.8,2.4,1013.4,78
2020/4/28,5.0,12.3,2.1,1014.6,85
2020/4/29,0,15.1,2.7,1015.4,69
2020/4/30,0,18.0,3.0,1015.7,66
2020/5/1,0,19.9,4.1,1010.9,67
2020/5/2,0,20.6,2.8,1009.4,73
2020/5/3,0,20.7,4.7,1009.7,70
2020/5/4,2.0,19.3,3.1,1005.3,87
2020/5/5,0.0,21.3,3.2,1006.4,73
2020/5/6,19.0,15.8,2.1,1009.1,90
2020/5/7,0.5,16.5,3.3,1011.8,61
2020/5/8,0,16.7,3.5,1018.4,48
2020/5/9,0.0,18.3,4.3,1014.8,64
2020/5/10,1.0,21.5,5.3,1002.7,82
2020/5/11,0.5,22.9,3.0,999.1,80
2020/5/12,0.0,21.7,2.8,1002.4,75
2020/5/13,0,22.3,2.7,1003.1,55
2020/5/14,0,20.8,3.4,1013.6,40
2020/5/15,0.0,21.5,3.9,1015.0,52
2020/5/16,24.0,18.5,4.1,1007.8,89
2020/5/17,0.0,21.6,2.7,1000.2,74
2020/5/18,2.0,19.2,2.0,1005.5,91
2020/5/19,54.5,17.7,3.0,997.1,97
2020/5/20,3.0,12.7,2.5,1005.1,90
2020/5/21,0.5,12.7,2.0,1013.0,89
2020/5/22,1.0,15.3,2.4,1014.9,89
2020/5/23,0.0,18.4,2.4,1011.8,86
2020/5/24,0,20.8,3.2,1011.6,75
2020/5/25,0,21.6,3.0,1007.6,72
2020/5/26,0.5,20.9,2.0,1005.1,87
2020/5/27,0.0,21.4,2.1,1000.5,81
2020/5/28,9.5,19.4,2.7,1004.7,69
2020/5/29,0,20.7,2.8,1010.6,65
2020/5/30,0,22.0,3.2,1016.8,71
2020/5/31,0.0,21.3,3.4,1015.9,73
2020/6/1,4.0,19.6,1.8,1009.7,93
2020/6/2,0.0,22.3,2.3,1004.1,87
2020/6/3,0.0,24.0,2.4,1002.5,76
2020/6/4,0.0,23.5,2.8,1002.8,79
2020/6/5,0,24.8,3.3,1002.5,74
2020/6/6,6.5,24.2,2.6,1003.8,77
2020/6/7,0.5,22.0,2.9,1007.0,67
2020/6/8,0.0,23.2,2.9,1013.6,73
2020/6/9,0,25.5,3.1,1015.1,68
2020/6/10,0.0,26.2,5.4,1012.0,65
2020/6/11,10.0,25.1,5.9,1004.1,85
2020/6/12,5.5,26.2,2.5,1001.5,84
2020/6/13,35.5,21.3,2.2,1004.9,99
2020/6/14,5.5,21.7,1.6,1002.4,99
2020/6/15,0,25.9,2.4,997.5,81
2020/6/16,0.0,25.5,3.4,997.9,68
2020/6/17,0,23.6,3.5,1003.7,63
2020/6/18,2.0,22.1,2.0,1004.3,82
2020/6/19,50.0,18.7,2.2,999.1,99
2020/6/20,0,22.9,2.8,1004.3,76
2020/6/21,2.5,21.9,2.5,1009.0,83
2020/6/22,27.5,19.2,3.5,1006.1,95
2020/6/23,3.0,22.3,2.6,1007.4,86
2020/6/24,0.0,22.5,2.6,1010.4,84
2020/6/25,14.5,20.2,1.9,1006.7,94
2020/6/26,0.0,24.7,1.7,1001.7,85
2020/6/27,0.0,25.5,1.9,1001.5,83
2020/6/28,30.0,22.2,2.0,998.3,96
2020/6/29,0,24.9,3.0,1003.6,69
2020/6/30,15.5,24.6,4.5,1002.0,90
2020/7/1,21.0,25.1,6.5,999.9,89
2020/7/2,0.5,25.9,4.9,1003.3,72
2020/7/3,6.0,23.8,2.4,1011.2,80
2020/7/4,25.5,23.8,4.0,1002.6,90
2020/7/5,3.5,24.9,3.3,1002.9,87
2020/7/6,40.5,24.8,5.2,1005.6,92
2020/7/7,0.5,27.2,6.4,1004.2,84
2020/7/8,3.0,26.0,5.8,1002.3,83
2020/7/9,14.0,23.7,3.8,1006.4,96
2020/7/10,0.5,25.3,3.6,1008.3,90
2020/7/11,2.0,27.5,5.6,1002.8,82
2020/7/12,0.5,26.0,2.9,1001.2,81
2020/7/13,6.0,21.0,3.0,1007.8,90
2020/7/14,6.0,22.3,2.3,999.5,97
2020/7/15,6.5,20.4,2.3,998.2,97
2020/7/16,0.5,20.7,2.3,1004.4,86
2020/7/17,34.5,19.3,2.0,1008.4,98
2020/7/18,20.0,20.4,1.5,1009.0,100
2020/7/19,0,24.3,2.2,1008.4,90
2020/7/20,0.0,26.9,2.4,1008.7,80
2020/7/21,1.0,25.5,2.1,1009.1,88
2020/7/22,0.0,26.6,2.4,1005.7,89
2020/7/23,31.5,23.2,1.8,1005.8,99
2020/7/24,0.0,24.5,1.2,1007.1,94
2020/7/25,23.5,25.1,2.1,1008.4,98
2020/7/26,18.5,25.6,3.1,1011.3,95
2020/7/27,2.0,26.3,3.3,1010.9,88
2020/7/28,2.0,26.7,2.5,1007.1,90
2020/7/29,0.0,22.9,2.9,1010.9,87
2020/7/30,0.0,23.2,1.9,1012.9,84
2020/7/31,1.0,24.8,1.6,1009.2,90
2020/8/1,0.5,26.1,2.6,1009.3,77
2020/8/2,0,26.3,2.4,1011.0,75
2020/8/3,0,27.2,2.4,1011.0,74
2020/8/4,0,28.3,2.9,1012.2,77
2020/8/5,0.0,29.1,2.9,1013.4,76
2020/8/6,0,28.5,3.9,1010.5,79
2020/8/7,0,29.5,3.4,1005.0,71
2020/8/8,0,28.1,2.7,1006.1,79
2020/8/9,0,28.7,2.4,1006.9,77
2020/8/10,0,30.5,2.4,1010.3,73
2020/8/11,0,31.7,4.0,1009.7,67
2020/8/12,0.5,30.0,2.5,1009.0,79
2020/8/13,21.5,29.4,2.2,1006.4,82
2020/8/14,0.0,29.4,2.8,1005.5,78
2020/8/15,0,31.0,2.1,1004.0,76
2020/8/16,0.0,31.2,2.7,1006.2,74
2020/8/17,0.0,30.8,2.7,1007.2,76
2020/8/18,0,30.3,2.8,1007.2,71
2020/8/19,0,29.0,2.7,1008.3,72
2020/8/20,0,29.7,3.2,1008.9,74
2020/8/21,0,30.1,2.8,1009.5,72
2020/8/22,0.0,29.3,2.7,1008.5,75
2020/8/23,38.0,25.6,2.0,1006.2,87
2020/8/24,0.0,27.2,2.7,1004.9,79
2020/8/25,0,27.8,2.7,1007.7,75
2020/8/26,0,28.8,2.7,1009.4,77
2020/8/27,0.0,29.3,3.1,1009.7,79
2020/8/28,0,30.2,3.3,1009.3,76
2020/8/29,0,30.3,3.3,1007.9,73
2020/8/30,0,30.0,3.3,1007.1,73
2020/8/31,1.0,27.5,2.9,1008.3,80
2020/9/1,1.0,24.9,2.3,1010.4,85
2020/9/2,7.5,26.8,2.5,1010.4,93
2020/9/3,3.5,28.4,4.2,1009.2,85
2020/9/4,0.0,29.3,3.0,1010.7,76
2020/9/5,8.5,28.6,2.8,1009.9,79
2020/9/6,25.5,25.7,2.7,1010.4,94
2020/9/7,19.0,26.7,4.4,1010.7,93
2020/9/8,0,29.5,5.1,1012.1,73
2020/9/9,0.5,29.0,3.7,1010.2,72
2020/9/10,0.0,27.7,3.8,1008.7,80
2020/9/11,0.0,28.3,3.1,1011.8,79
2020/9/12,14.5,23.7,2.5,1011.3,97
2020/9/13,0.5,23.3,2.4,1008.4,89
2020/9/14,0.5,23.4,2.3,1008.2,86
2020/9/15,0.5,23.8,2.0,1010.9,82
2020/9/16,2.0,24.0,2.1,1011.1,81
2020/9/17,0.0,24.9,2.1,1009.2,88
2020/9/18,0.0,29.0,5.5,1004.4,74
2020/9/19,0.0,24.7,2.9,1008.4,78
2020/9/20,0.5,22.2,2.0,1011.1,80
2020/9/21,0.5,22.0,2.1,1012.0,78
2020/9/22,3.5,22.5,2.5,1014.5,76
2020/9/23,7.5,20.2,2.7,1012.0,95
2020/9/24,10.0,19.0,3.2,1010.9,92
2020/9/25,5.5,19.4,3.2,1004.1,95
2020/9/26,6.0,18.5,2.1,1005.5,97
2020/9/27,0.5,19.7,1.6,1007.0,88
2020/9/28,0,21.5,2.5,1009.7,71
2020/9/29,0.0,19.7,3.0,1009.0,67
2020/9/30,0,20.0,2.6,1005.1,66
2020/10/1,1.0,19.5,1.7,1008.0,85
2020/10/2,0,21.0,2.5,1013.8,72
2020/10/3,0.0,21.7,1.7,1014.3,74
2020/10/4,0.0,22.0,2.0,1009.5,77
2020/10/5,0.0,21.7,2.0,1003.8,81
2020/10/6,0.0,21.0,2.6,1012.9,52
2020/10/7,6.0,18.3,2.7,1021.3,73
2020/10/8,44.0,14.7,2.4,1023.2,99
2020/10/9,38.0,14.5,2.8,1022.6,99
2020/10/10,73.5,16.0,2.7,1014.7,100
2020/10/11,0.5,19.8,2.7,1008.5,91
2020/10/12,0.0,21.5,2.1,1007.9,87
2020/10/13,0,22.1,2.5,1009.5,79
2020/10/14,0,20.3,2.3,1015.1,67
2020/10/15,1.0,16.8,2.7,1017.0,83
2020/10/16,0.0,16.1,2.9,1018.4,59
2020/10/17,23.0,12.7,2.2,1018.7,93
2020/10/18,0.5,14.3,2.1,1019.1,83
2020/10/19,9.0,13.1,2.4,1020.0,89
2020/10/20,0,15.6,2.3,1022.0,75
2020/10/21,0.0,16.0,2.6,1022.3,69
2020/10/22,0.0,17.4,2.3,1015.2,70
2020/10/23,8.5,16.8,2.0,1000.6,93
2020/10/24,0,17.3,3.1,1002.8,56
2020/10/25,0,15.5,2.6,1009.7,55
2020/10/26,0,16.2,2.0,1013.3,65
2020/10/27,0,16.7,2.2,1016.5,65
2020/10/28,0,16.6,1.7,1016.4,73
2020/10/29,0,17.3,2.9,1013.4,55
2020/10/30,0.0,14.9,3.2,1015.8,47
2020/10/31,0,13.8,2.4,1022.7,54
2020/11/1,0,14.3,2.1,1022.6,69
2020/11/2,2.5,15.6,1.8,1014.1,78
2020/11/3,4.5,14.8,1.8,1004.4,92
2020/11/4,0,13.7,3.0,1011.7,47
2020/11/5,0,13.4,2.1,1021.2,56
2020/11/6,0,12.8,1.7,1022.0,67
2020/11/7,0.0,15.5,1.6,1012.2,77
2020/11/8,2.5,17.3,1.8,1006.3,75
2020/11/9,0,13.5,3.1,1010.5,44
2020/11/10,0,11.9,2.4,1016.9,50
2020/11/11,0,11.9,3.1,1025.6,48
2020/11/12,0,10.2,2.2,1029.7,63
2020/11/13,0,13.7,1.7,1021.9,67
2020/11/14,0,14.7,2.4,1023.0,56
2020/11/15,0,13.4,2.5,1025.7,65
2020/11/16,0,14.7,1.5,1020.3,66
2020/11/17,0,15.2,2.3,1024.8,62
2020/11/18,0,15.8,2.0,1022.3,77
2020/11/19,0,19.1,3.6,1015.6,74
2020/11/20,0.0,21.9,5.5,1004.9,73
2020/11/21,0,16.6,3.6,1012.3,46
2020/11/22,0,15.0,2.8,1015.7,66
2020/11/23,0.0,15.5,2.6,1011.2,54
2020/11/24,0.0,11.8,2.7,1021.4,56
2020/11/25,5.0,10.5,2.3,1019.6,94
2020/11/26,0,12.8,1.5,1017.9,81
2020/11/27,0.0,11.6,2.5,1016.5,78
2020/11/28,0,11.8,3.5,1010.5,56
2020/11/29,0,10.1,2.0,1018.9,56
2020/11/30,0,9.9,1.8,1020.6,69
2020/12/1,0,10.2,2.0,1024.4,66
2020/12/2,8.0,8.2,2.3,1022.8,81
2020/12/3,0.0,8.1,2.1,1014.5,91
2020/12/4,0,9.2,2.1,1019.4,61
2020/12/5,3.5,6.6,2.1,1021.7,86
2020/12/6,0,8.2,1.6,1021.1,80
2020/12/7,0,9.7,1.5,1016.8,71
2020/12/8,0.0,11.4,2.0,1014.4,66
2020/12/9,0.0,9.8,2.1,1020.2,61
2020/12/10,0.0,9.3,2.2,1016.1,72
2020/12/11,0,10.2,1.7,1013.6,76
2020/12/12,0,11.4,2.0,1005.4,70
2020/12/13,0,9.9,1.7,1006.2,72
2020/12/14,0.0,8.5,2.7,1004.8,62
2020/12/15,0,6.1,2.5,1007.8,45
2020/12/16,0,4.6,1.9,1009.0,43
2020/12/17,0,4.3,2.7,1013.9,42
2020/12/18,0,6.1,1.7,1014.4,52
2020/12/19,0,5.8,2.6,1012.4,48
2020/12/20,0,4.4,2.8,1016.7,45
2020/12/21,0,5.3,1.7,1018.9,40
2020/12/22,0,5.6,1.8,1018.9,61
2020/12/23,0,7.7,2.0,1017.7,54
2020/12/24,0,8.0,1.9,1009.4,56
2020/12/25,0,8.7,2.2,1004.8,49
2020/12/26,0,6.4,1.7,1015.8,51
2020/12/27,0,7.8,1.9,1019.7,59
2020/12/28,0.0,8.5,1.6,1015.9,72
2020/12/29,0,8.7,1.6,1014.2,66
2020/12/30,1.5,6.9,3.4,992.5,68
2020/12/31,0,3.4,3.3,1006.0,34
2021/1/1,0,4.4,1.5,1010.4,40
2021/1/2,0,4.8,2.0,1013.3,53
2021/1/3,0,3.7,1.6,1019.3,52
2021/1/4,0,5.8,1.8,1020.6,52
2021/1/5,0,6.0,1.7,1015.9,67
2021/1/6,0.0,5.3,2.4,1011.1,73
2021/1/7,0,6.3,4.0,1000.9,47
2021/1/8,0,2.4,1.8,1004.7,42
2021/1/9,0,2.9,2.3,1006.2,31
2021/1/10,0,2.6,2.0,1013.1,44
2021/1/11,0,2.3,2.0,1019.7,47
2021/1/12,0.0,3.4,2.3,1012.6,68
2021/1/13,0,5.8,1.8,1011.3,64
2021/1/14,0,7.9,1.8,1014.7,55
2021/1/15,0.0,6.6,2.1,1019.4,68
2021/1/16,0,10.0,2.7,1008.9,61
2021/1/17,0,6.1,2.2,1012.1,52
2021/1/18,0,4.3,2.0,1010.2,67
2021/1/19,0,4.4,4.1,1014.4,40
2021/1/20,0,3.9,2.8,1025.5,41
2021/1/21,0,4.8,1.8,1022.2,53
2021/1/22,0,8.7,1.4,1014.8,48
2021/1/23,19.0,6.4,3.1,1018.2,85
2021/1/24,13.0,4.3,3.6,1018.2,95
2021/1/25,1.5,7.6,1.9,1022.6,74
2021/1/26,0,7.5,1.7,1020.9,73
2021/1/27,1.0,10.3,2.5,1009.8,68
2021/1/28,9.0,4.4,2.5,1009.7,78
2021/1/29,0,5.3,3.2,1000.9,54
2021/1/30,0,4.1,2.9,1014.6,36
2021/1/31,0,5.4,2.6,1022.2,42
2021/2/1,0.0,7.2,2.7,1020.3,57
2021/2/2,12.0,8.8,3.2,1004.4,67
2021/2/3,0,6.2,2.0,1011.6,42
2021/2/4,0,7.0,2.9,1010.6,42
2021/2/5,0,7.1,2.4,1015.2,53
2021/2/6,0,8.9,1.7,1010.1,55
2021/2/7,0.0,9.9,2.4,1007.4,49
2021/2/8,0,6.1,3.2,1008.0,41
2021/2/9,0,4.7,4.0,1014.5,32
2021/2/10,0,6.7,2.3,1014.6,48
2021/2/11,0,8.7,3.5,1016.7,44
2021/2/12,0,7.8,1.9,1024.4,56
2021/2/13,0,10.4,2.4,1024.2,66
2021/2/14,0,12.3,2.9,1017.7,64
2021/2/15,76.5,11.4,2.7,993.1,91
2021/2/16,0,10.6,3.0,996.1,38
2021/2/17,0.0,7.6,4.0,995.2,37
2021/2/18,0,4.3,2.9,1002.0,35
2021/2/19,0,6.9,3.2,1009.5,41
2021/2/20,0,10.2,3.3,1004.8,47
2021/2/21,0,13.9,2.3,1007.4,56
2021/2/22,0,14.9,2.7,1006.0,53
2021/2/23,0,11.0,4.3,1007.4,39
2021/2/24,0,6.4,4.3,1017.1,34
2021/2/25,0,6.6,3.0,1020.6,45
2021/2/26,0,8.7,2.7,1017.3,43
2021/2/27,0,5.7,3.7,1024.7,38
2021/2/28,0,6.6,2.4,1030.5,54
2021/3/1,0.5,11.8,3.3,1021.4,64
2021/3/2,9.5,13.5,5.6,1005.9,82
2021/3/3,0,7.4,4.6,1022.7,43
2021/3/4,0,9.0,2.4,1028.7,60
2021/3/5,2.0,11.8,1.7,1020.8,78
2021/3/6,0.5,13.8,2.3,1014.9,70
2021/3/7,0,7.8,2.9,1023.8,56
2021/3/8,5.5,6.6,2.6,1021.7,87
2021/3/9,0.0,9.6,2.2,1020.9,70
2021/3/10,0,12.0,3.5,1017.1,45
2021/3/11,0,9.9,2.4,1024.7,52
2021/3/12,0.0,12.7,1.9,1020.8,63
2021/3/13,65.0,11.1,3.3,1005.6,95
2021/3/14,0,12.5,5.6,1004.2,46
2021/3/15,0,12.9,3.8,1010.9,34
2021/3/16,0,14.5,2.8,1006.0,46
2021/3/17,0,13.7,3.6,1008.9,38
2021/3/18,0,12.3,2.6,1015.5,49
2021/3/19,0,12.9,2.7,1016.9,57
2021/3/20,0.0,14.1,2.0,1017.0,68
2021/3/21,46.5,16.7,5.2,1003.3,95
2021/3/22,0.5,12.1,3.5,1004.9,54
2021/3/23,0.0,10.8,2.9,1017.5,46
2021/3/24,0,13.8,3.5,1020.5,61
2021/3/25,0.5,14.5,3.0,1015.4,76
2021/3/26,0,14.5,3.4,1012.7,42
2021/3/27,0,13.7,3.3,1019.4,49
2021/3/28,8.0,16.5,4.5,1011.5,80
2021/3/29,34.5,17.5,2.7,1000.4,84
2021/3/30,0,17.8,2.4,1005.3,76
2021/3/31,0.0,17.9,3.2,1008.7,54
2021/4/1,0.0,16.6,2.8,1017.8,61
2021/4/2,0.0,16.0,2.6,1024.4,63
2021/4/3,0,16.9,2.7,1019.2,63
2021/4/4,10.5,18.5,4.1,1008.5,75
2021/4/5,18.0,12.9,3.2,1008.8,89
2021/4/6,0,10.6,2.8,1016.4,65
2021/4/7,0.0,13.3,2.5,1010.7,59
2021/4/8,2.5,13.3,3.4,1010.6,65
2021/4/9,0.0,11.9,3.1,1016.8,46
2021/4/10,0.0,10.4,3.0,1027.3,42
2021/4/11,0,12.5,2.7,1030.7,58
2021/4/12,0,14.4,3.0,1028.6,60
2021/4/13,0.5,15.7,3.8,1015.7,79
2021/4/14,36.0,15.3,3.6,1003.7,96
2021/4/15,0.0,10.7,3.1,1018.6,53
2021/4/16,0.0,13.7,2.6,1023.5,64
2021/4/17,33.5,15.7,3.2,1013.1,80
2021/4/18,15.0,16.4,4.2,996.3,51
2021/4/19,0,15.8,3.5,1007.4,41
2021/4/20,0,17.2,2.5,1012.0,52
2021/4/21,0,19.1,3.1,1015.6,35
2021/4/22,0,18.1,4.2,1016.1,32
2021/4/23,0,13.8,3.1,1019.6,52
2021/4/24,0,15.3,2.6,1017.2,57
2021/4/25,0.0,16.9,3.1,1009.5,58
2021/4/26,0,13.4,3.3,1015.3,35
2021/4/27,0,14.6,3.5,1020.2,54
2021/4/28,0.0,18.2,3.8,1016.1,63
2021/4/29,37.0,17.2,4.4,1005.5,91
2021/4/30,3.0,18.8,3.4,998.7,64
2021/5/1,8.0,17.7,4.0,1002.1,73
2021/5/2,2.0,16.3,4.2,996.9,66
2021/5/3,0.0,16.4,3.7,1009.6,42
2021/5/4,0,18.0,2.6,1014.0,52
2021/5/5,3.0,18.3,5.3,1012.8,72
2021/5/6,3.5,18.5,2.8,1013.5,75
2021/5/7,1.0,17.5,1.8,1009.8,83
2021/5/8,0.0,19.5,2.9,1002.5,71
2021/5/9,0,23.0,4.3,998.6,56
2021/5/10,0.0,20.2,3.4,1006.7,43
2021/5/11,0.0,17.5,2.3,1012.5,58
2021/5/12,0,17.9,3.1,1018.1,56
2021/5/13,12.0,16.1,1.8,1013.8,94
2021/5/14,0.0,20.8,2.4,1010.2,77
2021/5/15,0,21.2,3.7,1015.0,72
2021/5/16,1.0,20.0,3.5,1011.3,82
2021/5/17,0.5,23.0,6.1,1000.8,88
2021/5/18,1.0,20.5,2.6,1006.0,90
2021/5/19,9.5,17.2,1.5,1008.9,98
2021/5/20,2.0,19.1,1.6,1011.5,93
2021/5/21,5.0,21.7,4.9,1001.9,92
2021/5/22,2.0,20.0,3.3,1000.6,83
2021/5/23,5.5,19.6,3.0,1004.2,77
2021/5/24,0.0,22.1,2.9,1003.5,65
2021/5/25,0,22.4,3.6,998.8,66
2021/5/26,0,21.1,2.8,1005.5,61
2021/5/27,35.5,16.9,2.1,1002.5,94
2021/5/28,0,20.5,2.9,1000.8,75
2021/5/29,0,22.8,3.4,998.0,67
2021/5/30,0.5,21.2,2.8,1004.0,71
2021/5/31,7.5,20.6,3.1,1009.8,68
2021/6/1,0.5,20.1,3.1,1014.1,74
2021/6/2,0,22.0,3.0,1015.6,70
2021/6/3,3.0,22.1,3.2,1012.8,73
2021/6/4,23.0,21.0,5.2,999.0,97
2021/6/5,0.0,22.1,2.9,1001.1,77
2021/6/6,0.5,21.7,1.8,1006.1,83
2021/6/7,0.0,23.4,2.0,1010.8,71
2021/6/8,0.0,24.8,2.2,1010.4,64
2021/6/9,0,24.5,2.8,1013.2,55
2021/6/10,0,24.1,2.7,1016.5,64
2021/6/11,0,23.7,3.4,1016.9,68
2021/6/12,0,23.3,3.7,1014.0,73
2021/6/13,0.0,24.3,2.7,1008.5,68
2021/6/14,3.5,21.0,2.2,1004.9,92
2021/6/15,1.0,23.4,2.5,1003.7,80
2021/6/16,30.5,22.2,2.3,1004.5,87
2021/6/17,3.5,21.8,2.7,1003.4,77
2021/6/18,0.0,22.8,3.0,1002.2,69
2021/6/19,12.0,20.3,2.9,999.8,95
2021/6/20,14.5,22.8,2.4,996.4,85
2021/6/21,0,22.9,2.6,1002.4,74
2021/6/22,0,23.1,2.9,1005.8,76
2021/6/23,1.5,22.0,2.2,1007.8,82
2021/6/24,0.0,22.8,2.8,1009.8,78
2021/6/25,19.0,23.3,2.7,1010.6,79
2021/6/26,0.0,24.2,2.0,1010.6,74
2021/6/27,0.0,23.7,2.1,1007.0,78
2021/6/28,0.0,24.4,2.5,1003.4,73
2021/6/29,53.0,21.9,2.9,1001.2,90
2021/6/30,3.0,20.6,1.9,1010.3,91
2021/7/1,64.5,20.9,1.8,1010.6,98
2021/7/2,68.0,21.2,1.4,1008.7,100
2021/7/3,53.5,22.2,2.1,1007.9,92
2021/7/4,17.5,20.1,1.5,1012.1,98
2021/7/5,2.5,22.1,1.3,1007.5,96
2021/7/6,0.5,24.7,1.6,1006.7,91
2021/7/7,0.5,25.8,2.0,1004.2,85
2021/7/8,7.5,23.7,2.2,1005.6,93
2021/7/9,9.0,23.5,1.4,1005.2,100
2021/7/10,4.5,27.0,2.5,1005.6,86
2021/7/11,17.5,24.7,1.7,1008.5,91
2021/7/12,0.0,25.8,2.0,1008.6,82
2021/7/13,0.0,25.5,2.0,1010.0,81
2021/7/14,0.0,25.3,2.4,1013.3,82
2021/7/15,0.0,26.4,2.5,1016.4,80
2021/7/16,0,27.7,2.7,1017.0,77
2021/7/17,0,27.4,2.8,1014.7,74
2021/7/18,0,28.1,3.7,1012.8,76
2021/7/19,0,29.2,2.7,1012.4,75
2021/7/20,0,28.8,2.9,1012.5,72
2021/7/21,0,28.4,2.8,1011.6,70
2021/7/22,0,28.4,2.9,1010.0,69
2021/7/23,0.0,28.4,2.9,1008.5,71
2021/7/24,0.0,28.5,2.9,1008.4,72
2021/7/25,0,28.5,2.5,1007.4,70
2021/7/26,0.0,27.5,2.9,1001.7,66
2021/7/27,34.5,24.9,3.1,995.2,84
2021/7/28,0.0,27.7,3.4,997.4,79
2021/7/29,0,27.8,3.6,999.5,79
2021/7/30,30.0,25.8,2.4,999.8,93
2021/7/31,0,27.5,2.2,999.6,77
2021/8/1,0,28.7,3.2,1000.2,76
2021/8/2,0.5,28.6,3.4,1006.1,80
2021/8/3,3.0,29.0,4.0,1009.9,80
2021/8/4,0,29.5,3.0,1008.2,76
2021/8/5,0,29.1,2.8,1005.1,74
2021/8/6,0,29.1,2.9,1004.2,75
2021/8/7,2.0,27.9,2.5,1003.1,85
2021/8/8,90.5,25.9,3.0,998.0,97
2021/8/9,2.0,28.1,6.1,995.4,84
2021/8/10,0.0,31.0,4.7,996.3,58
2021/8/11,0,29.2,2.9,1008.0,61
2021/8/12,0.5,26.0,2.4,1008.8,84
2021/8/13,20.5,22.5,2.7,1008.0,97
2021/8/14,77.0,22.3,2.7,1003.6,100
2021/8/15,138.5,19.3,2.0,1009.1,100
2021/8/16,2.0,20.7,1.8,1014.3,98
2021/8/17,23.5,23.7,2.4,1012.3,96
2021/8/18,3.0,27.0,5.2,1009.4,83
2021/8/19,0.0,28.5,4.8,1012.7,74
2021/8/20,0,28.7,4.4,1014.3,71
2021/8/21,0.0,27.9,3.2,1012.4,75
2021/8/22,0.0,28.5,2.5,1008.7,76
2021/8/23,2.5,26.9,2.3,1007.5,84
2021/8/24,0.0,27.5,2.8,1007.4,78
2021/8/25,0.0,29.4,2.5,1005.9,76
2021/8/26,0.0,30.5,2.3,1008.3,75
2021/8/27,0,30.0,2.5,1008.6,74
2021/8/28,0.0,29.8,2.4,1007.3,76
2021/8/29,0.0,28.5,2.7,1009.4,72
2021/8/30,0.0,29.2,2.8,1009.1,79
2021/8/31,17.0,26.9,2.9,1010.6,76
2021/9/1,3.0,20.7,2.2,1009.9,95
2021/9/2,18.5,19.4,2.1,1006.6,99
2021/9/3,17.0,19.7,2.2,1008.5,99
2021/9/4,14.0,20.6,2.2,1011.2,97
2021/9/5,10.0,21.0,2.7,1014.1,87
2021/9/6,8.5,19.9,2.4,1014.2,86
2021/9/7,0,20.4,2.5,1014.6,71
2021/9/8,0.5,20.3,1.5,1012.5,83
2021/9/9,14.0,20.5,1.6,1010.4,96
2021/9/10,0.0,24.8,2.5,1010.5,81
2021/9/11,0.0,25.0,1.6,1009.4,85
2021/9/12,0.0,24.4,1.9,1009.1,89
2021/9/13,0,25.2,2.6,1013.0,71
2021/9/14,5.5,22.8,2.1,1015.0,84
2021/9/15,1.5,22.9,2.3,1011.5,82
2021/9/16,0.0,22.3,2.9,1014.3,74
2021/9/17,0.0,22.3,2.4,1013.2,78
2021/9/18,124.5,23.7,3.5,1005.1,98
2021/9/19,0.0,23.9,3.1,1009.8,74
2021/9/20,0,22.4,2.5,1014.6,69
2021/9/21,0,22.7,2.2,1013.4,75
2021/9/22,1.0,24.9,3.1,1008.1,85
2021/9/23,0.0,26.6,2.3,1008.8,77
2021/9/24,0,25.4,2.7,1015.2,62
2021/9/25,0.0,22.1,3.5,1021.3,73
2021/9/26,0.0,19.9,2.2,1019.8,76
2021/9/27,0.0,20.1,2.7,1015.9,75
2021/9/28,0,21.1,2.4,1014.9,73
2021/9/29,0.0,21.9,2.1,1013.0,78
2021/9/30,4.5,23.2,2.0,1007.5,83
2021/10/1,113.0,19.0,3.8,997.2,91
2021/10/2,2.0,21.9,2.3,1005.8,77
2021/10/3,0,22.1,2.4,1020.5,75
2021/10/4,0,23.5,2.8,1022.1,77
2021/10/5,0,23.9,2.8,1017.1,75
2021/10/6,0.0,22.8,2.8,1014.3,74
2021/10/7,0.0,21.3,1.7,1017.5,80
2021/10/8,0.0,24.2,2.4,1017.9,75
2021/10/9,0.0,22.7,3.0,1022.8,83
2021/10/10,0.0,22.2,2.3,1021.7,80
2021/10/11,0,24.0,2.6,1015.2,80
2021/10/12,2.5,20.5,3.1,1020.4,90
2021/10/13,10.5,17.4,2.3,1020.4,97
2021/10/14,0.0,19.1,2.0,1015.4,82
2021/10/15,0,20.7,1.9,1012.8,80
2021/10/16,0.5,21.0,2.1,1010.2,90
2021/10/17,13.5,15.7,3.3,1010.4,84
2021/10/18,0,13.6,3.0,1020.5,58
2021/10/19,9.0,13.5,2.6,1012.9,75
2021/10/20,0.0,16.1,3.5,1004.8,62
2021/10/21,0,15.4,2.6,1013.2,51
2021/10/22,9.5,11.2,2.3,1013.4,92
2021/10/23,0.0,13.6,3.2,1016.9,63
2021/10/24,0,13.4,1.7,1023.7,63
2021/10/25,5.5,14.0,2.3,1021.3,70
2021/10/26,30.0,15.0,2.8,1011.9,85
2021/10/27,1.0,14.5,1.5,1013.9,91
2021/10/28,0.5,17.6,2.2,1013.2,62
2021/10/29,0,15.3,2.6,1017.6,53
2021/10/30,0,14.5,2.0,1022.6,61
2021/10/31,2.0,13.6,1.6,1021.6,80
2021/11/1,0.0,16.8,1.8,1017.5,81
2021/11/2,0,17.7,1.9,1012.4,78
2021/11/3,0,17.1,2.0,1009.8,61
2021/11/4,0,15.5,1.8,1011.7,57
2021/11/5,0,15.3,2.1,1014.9,61
2021/11/6,0,14.9,2.0,1018.2,66
2021/11/7,1.0,15.7,2.4,1020.8,73
2021/11/8,1.5,16.4,2.4,1019.0,79
2021/11/9,47.5,16.1,2.0,1002.8,99
2021/11/10,0.0,16.0,3.3,998.1,60
2021/11/11,0,15.4,2.9,1001.6,49
2021/11/12,0,14.5,2.1,1006.2,52
2021/11/13,0,13.1,2.2,1014.0,55
2021/11/14,0,14.0,1.9,1014.0,62
2021/11/15,0,14.3,1.7,1014.0,57
2021/11/16,0.0,14.2,2.2,1016.4,66
2021/11/17,0,13.5,2.1,1018.5,60
2021/11/18,0,12.6,1.8,1016.3,72
2021/11/19,0,12.5,1.8,1013.6,73
2021/11/20,0,13.2,2.0,1016.1,69
2021/11/21,12.5,12.5,1.5,1019.2,83
2021/11/22,24.5,13.5,2.2,1004.7,98
2021/11/23,0.0,12.5,2.5,1000.7,58
2021/11/24,0,11.4,2.9,1005.3,48
2021/11/25,0,12.3,2.3,1008.2,51
2021/11/26,0,12.0,2.0,1011.2,59
2021/11/27,0,9.6,3.7,1018.9,48
2021/11/28,0,8.9,2.9,1027.0,51
2021/11/29,0,8.1,1.6,1026.2,59
2021/11/30,6.0,11.0,2.1,1017.7,72
2021/12/1,54.5,15.5,3.6,997.3,67
2021/12/2,0.0,10.1,2.6,1011.5,44
2021/12/3,0,9.7,2.1,1009.7,58
2021/12/4,0,9.9,1.6,1009.5,55
2021/12/5,0,8.6,2.6,1024.9,51
2021/12/6,0.0,8.9,2.4,1026.2,66
2021/12/7,9.5,11.8,2.4,1016.8,86
2021/12/8,36.5,9.5,3.6,1016.6,92
2021/12/9,0.0,10.2,2.8,1025.1,66
2021/12/10,0,8.6,2.0,1022.8,69
2021/12/11,0,9.4,1.5,1019.6,73
2021/12/12,0,11.3,1.7,1010.6,72
2021/12/13,0,9.7,3.7,1010.8,46
2021/12/14,5.5,5.1,2.1,1017.8,77
2021/12/15,0,7.6,1.2,1015.3,73
2021/12/16,0,9.5,1.7,1014.9,68
2021/12/17,6.0,8.7,2.8,996.7,80
2021/12/18,0,4.5,4.1,1009.7,39
2021/12/19,0,4.3,1.4,1009.7,53
2021/12/20,0,6.4,2.0,1012.9,61
2021/12/21,0,8.2,1.6,1008.8,66
2021/12/22,0,8.8,3.5,1011.0,50
2021/12/23,0,8.3,3.5,1017.8,41
2021/12/24,0.5,8.0,1.8,1014.2,58
2021/12/25,3.5,8.3,2.2,1004.8,68
2021/12/26,0.0,3.5,3.9,1009.5,36
2021/12/27,0,2.7,2.0,1012.5,40
2021/12/28,0,3.8,2.4,1018.0,49
2021/12/29,0,4.2,1.6,1016.8,54
2021/12/30,0.0,6.5,2.0,1003.7,53
2021/12/31,0,3.2,3.0,1008.0,51
2022/1/1,0,3.4,4.1,1016.7,32
2022/1/2,0,3.5,2.0,1017.4,52
2022/1/3,0,5.5,2.2,1013.6,56
2022/1/4,0,5.2,2.5,1010.2,56
2022/1/5,0,4.1,3.5,1019.0,37
2022/1/6,6.5,0.7,2.0,1019.8,74
2022/1/7,0,2.6,2.6,1017.1,64
2022/1/8,0,4.5,1.9,1018.7,53
2022/1/9,0,6.3,1.5,1013.9,53
2022/1/10,0.0,7.7,2.0,1015.8,60
2022/1/11,16.0,5.7,1.9,1002.3,91
2022/1/12,0,5.0,3.5,999.8,46
2022/1/13,0,5.7,3.6,999.0,44
2022/1/14,0,4.4,4.5,1005.8,38
2022/1/15,0,5.5,3.0,1015.1,39
2022/1/16,0,5.4,1.6,1014.3,60
2022/1/17,0.0,6.0,1.5,1008.6,58
2022/1/18,0,4.4,3.8,1009.4,39
2022/1/19,0,3.7,2.4,1013.9,44
2022/1/20,0,3.4,3.4,1009.9,53
2022/1/21,0,3.0,3.9,1017.5,43
2022/1/22,0,4.5,2.4,1021.5,43
2022/1/23,0.0,5.1,1.9,1017.7,54
2022/1/24,0.0,6.4,2.6,1011.3,53
2022/1/25,0.0,5.2,1.9,1017.0,57
2022/1/26,0.0,5.5,1.9,1013.1,83
2022/1/27,0,6.8,3.1,1012.8,53
2022/1/28,0,6.6,2.5,1011.8,41
2022/1/29,0,5.9,2.2,1008.9,49
2022/1/30,0,5.2,2.6,1009.7,44
2022/1/31,0,4.9,3.3,1011.6,36
2022/2/1,0,5.6,2.5,1012.3,46
2022/2/2,0,5.5,2.5,1014.0,45
2022/2/3,0,5.8,1.8,1011.9,42
2022/2/4,0,4.9,1.9,1009.2,50
2022/2/5,0,3.5,3.5,1005.9,45
2022/2/6,0,2.3,2.3,1011.1,45
2022/2/7,0,4.5,2.4,1017.7,36
2022/2/8,0,5.3,2.0,1018.7,55
2022/2/9,0,6.2,2.6,1020.3,50
2022/2/10,27.0,2.3,2.6,1015.7,90
2022/2/11,2.5,4.1,2.8,1017.0,77
2022/2/12,0,4.7,1.9,1020.5,62
2022/2/13,22.5,3.1,1.9,1018.2,86
2022/2/14,3.5,3.9,2.2,1015.1,77
2022/2/15,0,5.5,1.9,1010.4,72
2022/2/16,0.0,6.0,2.4,1003.3,60
2022/2/17,0,4.6,3.1,1006.9,34
2022/2/18,0,5.7,3.4,1019.7,41
2022/2/19,6.5,5.0,1.8,1017.9,72
2022/2/20,9.0,5.9,2.9,1001.0,77
2022/2/21,0,4.1,3.7,1011.2,34
2022/2/22,0,4.4,2.3,1014.1,38
2022/2/23,0,4.4,2.4,1017.0,38
2022/2/24,0,4.8,3.7,1017.0,34
2022/2/25,0,6.5,2.4,1016.4,34
2022/2/26,0,8.6,3.0,1014.8,47
2022/2/27,0,9.5,3.4,1008.3,44
2022/2/28,0,9.8,2.8,1015.8,41
2022/3/1,0.0,11.0,2.0,1009.0,51
2022/3/2,4.0,11.2,2.6,1006.0,57
2022/3/3,0.0,9.5,2.4,1007.3,64
2022/3/4,0,8.1,2.9,1013.4,49
2022/3/5,0,11.2,3.2,1001.7,55
2022/3/6,0,8.1,4.5,1003.2,33
2022/3/7,0,8.3,3.8,1011.5,35
2022/3/8,0.5,6.3,2.4,1014.3,74
2022/3/9,0,7.9,2.2,1017.3,58
2022/3/10,0,9.0,2.1,1019.3,57
2022/3/11,0,12.0,2.6,1015.4,59
2022/3/12,0,14.6,2.1,1012.8,48
2022/3/13,0,14.7,2.6,1013.2,65
2022/3/14,1.0,16.4,4.0,1007.9,70
2022/3/15,0.0,12.7,2.1,1005.8,65
2022/3/16,0,14.1,2.7,1010.1,64
2022/3/17,0.0,14.1,2.6,1014.0,62
2022/3/18,48.0,5.2,3.6,1010.7,91
2022/3/19,22.0,10.1,2.9,993.4,82
2022/3/20,0.0,9.9,2.5,1008.7,59
2022/3/21,0.0,9.6,2.6,1017.4,62
2022/3/22,18.0,3.7,3.2,1017.6,92
2022/3/23,1.0,5.2,2.3,1016.7,66
2022/3/24,1.0,8.2,2.0,1013.7,73
2022/3/25,0,12.2,2.9,1023.3,54
2022/3/26,7.5,16.1,4.7,1011.6,80
2022/3/27,0.5,16.2,3.2,1001.9,72
2022/3/28,0.0,13.5,2.9,1016.4,49
2022/3/29,0,10.2,2.0,1026.9,55
2022/3/30,0.0,14.5,3.3,1020.2,77
2022/3/31,7.0,15.1,2.8,1012.4,76
2022/4/1,16.5,7.6,3.2,1019.4,63
2022/4/2,0,8.5,3.0,1025.2,51
2022/4/3,13.5,8.2,2.6,1026.5,84
2022/4/4,53.5,8.5,3.4,1021.5,97
2022/4/5,1.5,12.6,2.8,1018.2,78
2022/4/6,0,15.5,2.1,1014.4,73
2022/4/7,0,14.3,2.9,1012.6,72
2022/4/8,0,15.4,3.0,1013.7,57
2022/4/9,0,17.2,3.4,1014.5,65
2022/4/10,0,19.6,2.4,1016.2,60
2022/4/11,0,18.9,3.6,1015.2,73
2022/4/12,0,20.0,2.8,1010.4,70
2022/4/13,0,20.8,2.3,1008.8,75
2022/4/14,4.0,12.3,3.2,1015.9,90
2022/4/15,19.5,10.1,2.7,1008.4,97
2022/4/16,1.0,12.5,2.4,1005.9,76
2022/4/17,0.0,13.7,2.5,1016.4,68
2022/4/18,28.5,14.3,2.1,1014.3,84
2022/4/19,1.0,15.3,2.4,1012.3,75
2022/4/20,1.5,12.2,2.1,1018.2,84
2022/4/21,8.5,16.4,2.2,1016.5,76
2022/4/22,29.0,19.2,2.4,1006.0,82
2022/4/23,0,20.8,1.8,1007.0,74
2022/4/24,3.5,17.3,2.0,1011.5,81
2022/4/25,0,19.9,2.5,1011.4,77
2022/4/26,2.5,21.3,4.3,1007.9,89
2022/4/27,0.5,23.0,4.1,1003.8,79
2022/4/28,0.0,16.9,3.4,1015.9,57
2022/4/29,40.0,12.9,2.6,1006.9,86
2022/4/30,0,12.6,3.7,1013.0,64
2022/5/1,12.0,12.7,2.1,1008.7,83
2022/5/2,1.0,13.3,2.7,1006.4,74
2022/5/3,0,15.2,2.7,1013.7,63
2022/5/4,0,17.9,2.9,1017.3,60
2022/5/5,0,19.8,2.7,1019.5,65
2022/5/6,0,19.5,3.1,1019.1,71
2022/5/7,7.5,18.5,1.8,1013.5,87
2022/5/8,0.0,18.3,3.1,1012.3,59
2022/5/9,8.0,14.1,2.4,1015.9,80
2022/5/10,0.5,16.5,2.6,1017.4,64
2022/5/11,0,18.7,2.4,1017.0,63
2022/5/12,2.0,19.4,2.4,1014.3,87
2022/5/13,28.5,18.8,2.1,1006.6,100
2022/5/14,9.5,21.8,3.4,999.6,87
2022/5/15,1.0,17.5,2.5,1007.7,67
2022/5/16,7.5,14.5,2.1,1009.7,95
2022/5/17,0.5,15.7,1.5,1012.4,90
2022/5/18,0,18.8,2.5,1016.1,73
2022/5/19,0,20.5,3.2,1014.9,60
2022/5/20,0,21.2,2.6,1012.2,72
2022/5/21,39.5,18.2,1.8,1008.4,91
2022/5/22,1.5,19.0,2.7,1002.5,79
2022/5/23,0.5,19.6,3.0,1007.9,72
2022/5/24,0,20.9,3.3,1013.2,72
2022/5/25,0,21.8,3.7,1010.9,71
2022/5/26,0.0,21.6,3.7,1007.6,72
2022/5/27,59.5,21.0,4.1,996.9,91
2022/5/28,0,22.4,2.5,998.4,62
2022/5/29,0,24.1,2.8,1002.5,53
2022/5/30,0,22.3,3.2,1003.8,70
2022/5/31,19.0,18.7,2.2,1002.1,91
2022/6/1,0.0,21.8,2.6,1005.5,60
2022/6/2,0,22.5,3.8,1004.9,70
2022/6/3,5.0,20.6,2.5,1004.9,83
2022/6/4,0,20.3,3.0,1008.9,68
2022/6/5,0.0,21.5,2.9,1007.3,76
2022/6/6,43.5,16.6,3.2,998.3,97
2022/6/7,3.5,16.8,2.7,998.0,90
2022/6/8,0.0,17.2,2.6,1009.1,82
2022/6/9,0.0,19.1,2.4,1013.1,83
2022/6/10,0.0,21.2,2.6,1014.1,78
2022/6/11,0.5,21.9,2.7,1011.7,80
2022/6/12,0.5,21.4,2.7,1004.9,72
2022/6/13,0,21.2,3.5,1010.5,53
2022/6/14,0.5,17.3,3.2,1015.3,80
2022/6/15,3.0,16.9,1.7,1011.5,95
2022/6/16,0,20.3,1.4,1006.9,87
2022/6/17,0,22.8,1.6,1006.2,83
2022/6/18,2.5,22.7,1.7,1007.5,90
2022/6/19,0,24.0,2.6,1004.9,83
2022/6/20,0,25.1,2.1,1002.2,81
2022/6/21,0.5,25.2,2.4,1005.0,80
2022/6/22,4.5,23.8,2.5,1007.0,87
2022/6/23,0.0,23.5,2.4,1008.8,87
2022/6/24,0,27.5,5.6,1002.5,75
2022/6/25,0,30.0,5.3,1003.4,67
2022/6/26,0,29.6,4.0,1009.2,61
2022/6/27,0,29.5,2.5,1009.5,65
2022/6/28,0,29.2,2.5,1008.0,71
2022/6/29,0,29.4,2.8,1006.2,71
2022/6/30,0,30.8,2.7,1009.0,66
2022/7/1,0,30.4,2.7,1011.6,68
2022/7/2,0,29.5,2.9,1011.1,72
2022/7/3,0.0,28.9,2.1,1008.1,74
2022/7/4,3.5,26.5,2.0,1006.7,81
2022/7/5,2.0,26.2,3.2,1006.2,81
2022/7/6,0.0,26.0,3.5,1003.8,82
2022/7/7,0.0,25.5,2.9,1007.2,77
2022/7/8,0,26.0,2.6,1004.2,67
2022/7/9,0,26.6,2.8,1000.8,68
2022/7/10,0.0,27.4,4.0,1003.4,75
2022/7/11,0,28.1,2.9,1005.3,75
2022/7/12,32.0,25.9,2.8,1004.6,85
2022/7/13,53.0,23.7,2.2,1002.9,98
2022/7/14,22.5,23.8,2.5,1002.2,95
2022/7/15,61.5,23.8,2.0,999.7,99
2022/7/16,9.0,23.5,1.9,999.9,100
2022/7/17,1.5,25.4,3.0,997.8,89
2022/7/18,0.0,27.5,2.2,1000.7,79
2022/7/19,0.0,27.4,3.1,999.0,83
2022/7/20,0.0,29.7,3.3,999.6,65
2022/7/21,0.0,28.1,3.6,1002.6,74
2022/7/22,1.5,28.3,4.5,997.0,81
2022/7/23,0,28.7,2.7,998.5,74
2022/7/24,0,28.3,3.3,1004.3,73
2022/7/25,0.0,29.2,4.3,1007.2,73
2022/7/26,45.5,26.6,3.5,1008.3,94
2022/7/27,0,29.4,4.9,1008.9,76
2022/7/28,1.0,28.8,3.7,1011.4,80
2022/7/29,0,29.1,3.2,1012.9,76
2022/7/30,0,29.9,2.7,1011.7,75
2022/7/31,0,30.8,2.4,1010.1,74
2022/8/1,0.0,30.6,2.8,1010.1,72
2022/8/2,0.0,31.6,2.5,1008.8,71
2022/8/3,0.0,31.5,2.3,1005.1,75
2022/8/4,18.0,24.6,2.7,1006.0,89
2022/8/5,0.0,23.8,2.9,1006.1,83
2022/8/6,0,25.2,2.4,1008.1,73
2022/8/7,0.0,27.6,2.2,1009.3,80
2022/8/8,0,29.8,4.5,1008.5,75
2022/8/9,0,30.9,5.5,1006.9,69
2022/8/10,0,30.5,5.3,1007.2,70
2022/8/11,0,29.5,5.4,1007.5,75
2022/8/12,2.0,28.3,5.8,1007.5,81
2022/8/13,47.5,25.5,4.8,1005.6,94
2022/8/14,0.0,28.2,2.6,1003.0,84
2022/8/15,0,29.4,2.5,1003.4,78
2022/8/16,0.0,31.0,4.8,1000.6,70
2022/8/17,5.0,27.3,2.5,1005.8,77
2022/8/18,13.0,26.8,2.8,1001.7,81
2022/8/19,0,27.5,3.4,1001.7,62
2022/8/20,1.5,26.4,1.8,1000.6,82
2022/8/21,1.0,26.0,2.1,1002.3,87
2022/8/22,0.0,26.2,2.5,1005.5,82
2022/8/23,0,28.7,3.2,1003.2,83
2022/8/24,2.0,27.8,2.9,1003.2,79
2022/8/25,0.0,25.7,2.0,1004.1,77
2022/8/26,3.5,27.0,2.1,1002.5,89
2022/8/27,0.0,29.0,3.3,1002.7,80
2022/8/28,5.0,23.7,3.0,1009.2,87
2022/8/29,0.5,23.3,2.8,1016.1,69
2022/8/30,5.0,22.8,1.9,1012.5,88
2022/8/31,1.0,27.1,3.2,1007.6,85
2022/9/1,23.0,27.1,3.7,1007.9,90
2022/9/2,15.0,23.2,2.2,1013.4,98
2022/9/3,0.0,24.6,2.2,1014.2,84
2022/9/4,0.0,26.1,2.2,1013.7,81
2022/9/5,0,26.6,2.7,1013.2,80
2022/9/6,0.0,27.8,3.9,1009.4,82
2022/9/7,6.0,26.8,2.2,1009.7,90
2022/9/8,1.0,23.5,2.4,1012.8,91
2022/9/9,0.5,24.5,2.3,1012.1,87
2022/9/10,0,25.3,3.2,1013.7,70
2022/9/11,0.0,24.4,3.0,1013.9,72
2022/9/12,1.5,25.8,2.8,1012.8,74
2022/9/13,0.0,26.1,2.2,1012.6,83
2022/9/14,0,26.7,2.9,1013.2,76
2022/9/15,0,23.6,2.4,1013.3,70
2022/9/16,0,25.1,2.5,1012.1,65
2022/9/17,0.0,26.9,2.3,1012.2,73
2022/9/18,72.5,25.2,2.5,1008.7,99
2022/9/19,18.5,27.1,5.6,999.9,92
2022/9/20,50.0,22.3,4.9,998.3,94
2022/9/21,0.0,19.5,3.4,1012.6,75
2022/9/22,0.0,20.3,2.7,1017.7,69
2022/9/23,9.5,21.7,2.1,1011.3,91
2022/9/24,112.5,23.1,2.7,1006.8,100
2022/9/25,0,22.9,3.0,1012.5,75
2022/9/26,0,23.3,2.0,1013.2,75
2022/9/27,0,23.2,2.5,1011.9,76
2022/9/28,0.0,22.8,2.5,1007.8,63
2022/9/29,0.0,22.4,2.1,1010.6,73
2022/9/30,0.0,23.2,2.3,1013.5,71
2022/10/1,0.0,23.6,2.6,1014.2,67
2022/10/2,0,23.5,2.3,1018.2,64
2022/10/3,0,23.0,2.2,1018.8,77
2022/10/4,0.0,25.2,4.6,1009.5,71
2022/10/5,14.0,19.8,3.0,1010.4,88
2022/10/6,9.0,13.1,3.2,1018.0,92
2022/10/7,53.0,12.4,3.3,1013.7,94
2022/10/8,0.0,16.1,1.8,1016.1,86
2022/10/9,7.5,17.0,2.2,1020.8,84
2022/10/10,9.0,18.1,1.9,1007.0,95
2022/10/11,0,21.6,3.0,1009.3,65
2022/10/12,0.0,18.5,2.3,1021.1,68
2022/10/13,9.5,15.8,2.6,1021.6,91
2022/10/14,5.0,17.9,2.2,1016.3,91
2022/10/15,0.0,20.2,1.9,1015.0,79
2022/10/16,0.0,20.0,1.7,1015.9,82
2022/10/17,1.5,20.1,1.4,1007.7,93
2022/10/18,4.0,16.2,2.9,1010.1,85
2022/10/19,1.5,14.6,2.1,1017.7,70
2022/10/20,0,14.7,2.1,1022.8,58
2022/10/21,0,16.7,2.6,1022.8,68
2022/10/22,0,16.6,1.5,1015.8,77
2022/10/23,0,18.2,1.8,1007.6,71
2022/10/24,0.0,13.3,3.1,1011.4,77
2022/10/25,1.0,12.8,2.9,1016.7,58
2022/10/26,3.0,13.8,2.9,1022.5,59
2022/10/27,0,12.8,1.8,1023.4,65
2022/10/28,0,13.5,1.7,1021.0,73
2022/10/29,0,15.8,2.2,1018.3,59
2022/10/30,0,13.8,1.7,1019.4,58
2022/10/31,0,14.7,2.2,1022.4,62
2022/11/1,0.0,14.8,2.3,1019.8,69
2022/11/2,0.0,16.7,1.9,1014.7,72
2022/11/3,0,17.8,2.4,1010.0,70
2022/11/4,0.0,15.5,2.5,1009.0,73
2022/11/5,0.0,14.0,2.0,1015.7,56
2022/11/6,0,13.5,2.1,1019.3,61
2022/11/7,0,13.7,1.8,1018.9,70
2022/11/8,0,15.9,2.1,1016.1,55
2022/11/9,0,14.6,2.1,1022.2,58
2022/11/10,0,15.2,1.9,1020.1,64
2022/11/11,0,16.1,2.0,1023.3,66
2022/11/12,0,16.6,1.7,1021.2,77
2022/11/13,0.5,18.0,2.9,1007.9,82
2022/11/14,0.0,16.1,3.3,1007.7,52
2022/11/15,6.0,11.1,2.1,1007.9,93
2022/11/16,0,12.4,2.2,1011.3,66
2022/11/17,0,12.8,1.9,1019.4,58
2022/11/18,0,13.2,1.9,1022.0,67
2022/11/19,0,13.7,2.2,1021.0,61
2022/11/20,6.0,11.6,2.4,1020.9,80
2022/11/21,3.0,13.4,2.1,1014.8,93
2022/11/22,0.0,15.4,2.1,1016.3,74
2022/11/23,42.0,11.7,2.8,1012.6,93
2022/11/24,0.5,15.3,3.0,1007.7,66
2022/11/25,0.5,13.5,2.2,1017.8,67
2022/11/26,1.0,12.7,1.6,1011.7,81
2022/11/27,0,14.4,2.6,1014.4,54
2022/11/28,0.0,11.7,1.6,1023.8,65
2022/11/29,10.5,16.7,3.3,1012.6,84
2022/11/30,32.5,16.6,2.2,1006.4,81
2022/12/1,0.5,10.1,2.1,1014.5,74
2022/12/2,0,9.4,2.5,1018.4,60
2022/12/3,0,7.8,1.8,1020.9,67
2022/12/4,0,10.2,1.7,1014.7,66
2022/12/5,19.5,7.6,2.2,1016.9,78
2022/12/6,9.5,6.1,2.1,1012.0,94
2022/12/7,0,8.5,1.5,1012.7,71
2022/12/8,0,9.3,1.4,1014.8,62
2022/12/9,0,9.3,1.8,1017.6,66
2022/12/10,0,10.4,1.8,1013.8,65
2022/12/11,0.0,9.5,2.3,1009.9,72
2022/12/12,0,8.2,2.2,1017.4,59
2022/12/13,3.5,7.2,1.9,1009.1,87
2022/12/14,0,9.2,2.9,1005.1,52
2022/12/15,0,7.0,2.2,1011.8,47
2022/12/16,0,8.2,1.7,1014.9,51
2022/12/17,3.5,6.7,1.6,1012.7,64
2022/12/18,2.5,6.5,2.8,1003.0,57
2022/12/19,0,4.9,2.0,1011.8,38
2022/12/20,0,5.4,1.7,1018.0,48
2022/12/21,0.0,6.5,1.8,1014.5,60
2022/12/22,17.5,7.2,2.6,992.6,86
2022/12/23,0,5.4,4.8,991.9,29
2022/12/24,0,6.2,3.3,995.6,42
2022/12/25,0,6.9,3.1,1002.5,49
2022/12/26,0,6.3,3.6,1009.8,46
2022/12/27,0,6.8,2.7,1017.9,48
2022/12/28,0,6.5,1.4,1018.6,61
2022/12/29,0,8.1,2.0,1015.6,51
2022/12/30,0,6.6,1.9,1019.6,51
2022/12/31,0,5.7,1.6,1019.4,60
2023/1/1,0,6.6,1.7,1015.8,62
2023/1/2,0,6.2,2.1,1015.7,51
2023/1/3,0,5.8,2.2,1015.2,42
2023/1/4,0,5.6,2.6,1015.2,47
2023/1/5,0,5.9,3.2,1018.8,36
2023/1/6,0,5.3,1.7,1017.0,47
2023/1/7,0,6.0,1.7,1010.4,59
2023/1/8,0,7.0,1.8,1015.7,58
2023/1/9,0,8.0,1.9,1013.5,61
2023/1/10,0,6.3,4.9,1014.9,42
2023/1/11,0,5.4,1.8,1021.3,52
2023/1/12,0,6.1,1.3,1021.2,52
2023/1/13,0.0,8.7,1.8,1017.9,60
2023/1/14,1.5,9.5,2.0,1004.9,81
2023/1/15,3.0,10.3,2.1,1006.9,84
2023/1/16,8.0,6.3,2.1,1008.0,90
2023/1/17,1.5,4.7,2.0,1019.0,65
2023/1/18,0.0,7.3,2.0,1013.8,64
2023/1/19,0.0,6.3,2.0,1018.3,61
2023/1/20,0.5,7.6,2.1,1011.2,63
2023/1/21,0,5.6,4.1,1018.1,37
2023/1/22,0,4.9,1.8,1021.5,51
2023/1/23,0.5,4.5,2.1,1015.6,77
2023/1/24,0.5,4.7,3.7,997.6,61
2023/1/25,0,-0.3,4.8,1011.7,30
2023/1/26,0,3.0,2.1,1013.8,44
2023/1/27,0.0,3.8,1.9,1004.9,59
2023/1/28,0,3.7,3.3,1005.0,37
2023/1/29,0,3.4,2.1,1010.1,50
2023/1/30,0,4.2,2.6,1008.5,53
2023/1/31,0,4.6,3.1,1014.6,38
2023/2/1,0,6.8,3.1,1010.0,47
2023/2/2,0,6.4,4.1,1013.6,36
2023/2/3,0,4.8,2.2,1016.3,47
2023/2/4,0,6.5,1.8,1014.0,58
2023/2/5,0,6.8,2.1,1018.3,55
2023/2/6,0,7.8,1.8,1017.5,56
2023/2/7,0.0,10.5,2.3,1014.9,63
2023/2/8,0.0,8.7,2.2,1013.2,70
2023/2/9,0,6.2,4.0,1022.7,39
2023/2/10,27.5,1.9,2.8,1018.9,82
2023/2/11,0,8.7,2.8,1015.1,61
2023/2/12,0,11.0,2.5,1018.2,65
2023/2/13,10.5,7.7,2.1,1006.2,87
2023/2/14,0,5.6,3.5,1006.7,45
2023/2/15,0,3.5,3.9,1016.4,37
2023/2/16,0.0,4.1,2.4,1024.3,48
2023/2/17,0,5.7,1.9,1023.3,55
2023/2/18,0,8.9,1.8,1019.0,61
2023/2/19,0,11.8,2.0,1003.1,56
2023/2/20,0.0,9.7,3.4,1007.0,43
2023/2/21,0,4.7,5.0,1019.1,36
2023/2/22,0.0,5.5,2.7,1025.7,46
2023/2/23,0.0,8.5,1.9,1017.2,53
2023/2/24,2.5,8.9,1.6,1013.6,71
2023/2/25,0.0,7.5,4.0,1015.6,50
2023/2/26,0,6.0,4.4,1022.8,35
2023/2/27,0,8.7,3.3,1027.8,46
2023/2/28,0,11.6,3.6,1023.1,51
2023/3/1,0,13.8,3.3,1015.0,49
2023/3/2,0.0,12.8,5.1,1007.8,50
2023/3/3,0,7.8,2.5,1020.9,49
2023/3/4,0,10.5,2.4,1021.6,44
2023/3/5,0.0,9.5,2.3,1023.6,57
2023/3/6,1.0,9.9,1.9,1019.8,79
2023/3/7,0,12.1,2.1,1018.4,65
2023/3/8,0,14.0,2.5,1018.3,52
2023/3/9,0,15.9,3.4,1016.7,55
2023/3/10,1.0,17.3,3.5,1015.1,56
2023/3/11,0,14.7,2.5,1022.4,44
2023/3/12,0,14.5,2.9,1021.4,63
2023/3/13,9.0,13.9,4.0,1010.7,75
2023/3/14,0.0,10.0,2.5,1018.9,59
2023/3/15,0,12.3,2.5,1024.3,65
2023/3/16,0,14.5,2.3,1020.0,68
2023/3/17,0.0,12.5,2.9,1017.7,78
2023/3/18,32.0,8.1,2.3,1011.1,96
2023/3/19,0.0,10.0,2.5,1014.7,57
2023/3/20,0,13.1,3.1,1016.2,61
2023/3/21,0,14.7,2.1,1014.0,72
2023/3/22,0,17.2,2.2,1014.2,74
2023/3/23,14.5,16.5,2.2,1009.4,98
2023/3/24,15.5,18.1,2.3,1004.4,87
2023/3/25,26.0,11.0,2.6,1014.6,95
2023/3/26,27.0,11.4,2.0,1008.4,99
2023/3/27,0.0,13.4,3.1,1012.9,55
2023/3/28,3.0,10.2,2.3,1019.9,80
2023/3/29,15.5,12.6,2.2,1018.9,72
2023/3/30,0.5,14.1,2.4,1017.4,76
2023/3/31,0,15.0,2.6,1014.8,73
2023/4/1,0,16.0,2.6,1013.5,63
2023/4/2,0.0,14.1,3.2,1015.8,67
2023/4/3,0,12.8,2.9,1019.9,57
2023/4/4,0,14.0,2.3,1021.9,54
2023/4/5,0,16.1,4.0,1019.6,58
2023/4/6,0.0,18.8,6.2,1013.7,67
2023/4/7,11.5,18.5,6.4,1006.8,85
2023/4/8,3.5,14.6,3.1,1001.3,70
2023/4/9,0,11.8,3.0,1013.3,43
2023/4/10,0,14.6,3.5,1015.8,47
2023/4/11,0,18.2,4.6,1013.6,57
2023/4/12,0.0,19.2,5.1,1007.0,66
2023/4/13,0,16.1,3.5,1014.8,47
2023/4/14,0,18.2,3.4,1013.6,59
2023/4/15,33.0,14.3,2.0,1004.5,91
2023/4/16,13.5,16.2,1.8,992.7,89
2023/4/17,1.0,15.1,3.4,1007.1,46
2023/4/18,0.0,13.6,1.9,1014.6,61
2023/4/19,0,18.0,2.3,1007.0,69
2023/4/20,0,20.4,3.2,1007.0,72
2023/4/21,0.0,21.6,3.4,1002.0,66
2023/4/22,0,14.9,3.0,1009.9,45
2023/4/23,0,14.2,3.3,1017.3,38
2023/4/24,0,13.2,2.8,1020.0,38
2023/4/25,0.0,14.1,2.6,1020.3,56
2023/4/26,23.5,15.6,3.1,1004.5,87
2023/4/27,0.0,17.2,4.2,1014.9,52
2023/4/28,0,18.7,3.7,1018.4,64
2023/4/29,1.0,19.4,5.7,1011.7,66
2023/4/30,3.0,19.7,3.4,1001.3,90
2023/5/1,1.0,17.8,3.0,1008.4,70
2023/5/2,0.0,17.4,4.3,1018.1,42
2023/5/3,0,17.8,2.7,1021.5,59
2023/5/4,0,19.7,3.1,1016.4,65
2023/5/5,0,21.1,4.6,1010.9,61
2023/5/6,0,23.0,7.3,1004.0,61
2023/5/7,43.5,17.6,4.5,1003.9,92
2023/5/8,30.5,12.9,2.8,1002.8,87
2023/5/9,0,15.1,2.8,1013.4,53
2023/5/10,0,17.7,2.3,1011.5,61
2023/5/11,9.0,15.8,2.5,1015.7,76
2023/5/12,0.0,17.1,3.1,1018.1,68
2023/5/13,5.0,16.7,3.0,1017.4,83
2023/5/14,3.0,16.9,3.6,1013.5,83
2023/5/15,15.5,16.1,2.0,1008.6,94
2023/5/16,0,19.9,2.6,1008.5,66
2023/5/17,0,22.8,2.3,1010.3,67
2023/5/18,0,25.4,3.3,1011.1,53
2023/5/19,12.0,20.6,3.8,1008.1,79
2023/5/20,4.0,18.8,2.6,1006.0,90
2023/5/21,0,21.1,2.4,1005.1,79
2023/5/22,0.0,22.5,2.6,1001.4,77
2023/5/23,14.0,13.9,2.4,1001.4,93
2023/5/24,0,18.2,3.5,1007.9,58
2023/5/25,0,18.6,2.9,1020.0,64
2023/5/26,0,20.1,3.9,1021.3,68
2023/5/27,0,21.2,3.0,1020.2,66
2023/5/28,0.0,21.6,4.1,1015.2,72
2023/5/29,18.5,19.8,1.4,1007.4,97
2023/5/30,0.0,21.4,2.7,1005.2,88
2023/5/31,3.0,19.3,2.3,1009.0,71
2023/6/1,0.0,20.8,3.9,1010.6,72
2023/6/2,168.5,21.3,3.9,999.7,99
2023/6/3,92.5,20.0,2.3,997.0,82
2023/6/4,0,21.6,3.3,1004.8,67
2023/6/5,0,23.1,2.5,1006.0,64
2023/6/6,3.0,20.7,2.9,1006.2,78
2023/6/7,5.5,22.5,2.5,1005.6,74
2023/6/8,1.0,23.1,3.2,1009.4,73
2023/6/9,24.0,20.2,1.9,1002.6,99
2023/6/10,0.0,22.4,2.3,1008.9,87
2023/6/11,16.5,21.2,1.5,1009.2,97
2023/6/12,12.5,21.3,1.6,1005.7,100
2023/6/13,1.0,23.7,2.7,1001.2,86
2023/6/14,3.5,23.6,2.4,1003.5,87
2023/6/15,6.0,21.7,1.9,1004.0,95
2023/6/16,1.5,24.6,3.2,1004.7,66
2023/6/17,0,25.4,3.0,1008.9,59
2023/6/18,0,25.7,2.5,1002.9,72
2023/6/19,0.0,23.7,3.3,1002.3,68
2023/6/20,0.0,22.5,2.8,1008.6,68
2023/6/21,0.0,22.6,3.0,1009.7,71
2023/6/22,5.0,19.9,2.3,1007.3,84
2023/6/23,0.5,21.1,1.4,1005.6,85
2023/6/24,0,24.7,2.4,1010.4,78
2023/6/25,0,25.8,2.5,1011.9,76
2023/6/26,0,25.9,2.9,1011.6,77
2023/6/27,0.0,25.9,2.2,1011.5,82
2023/6/28,0.0,27.1,2.6,1007.2,80
2023/6/29,3.0,27.3,2.2,1003.2,78
2023/6/30,3.0,26.3,3.8,1001.7,89
2023/7/1,13.5,25.3,3.3,1001.1,93
2023/7/2,2.5,26.0,3.1,1004.9,79
2023/7/3,0,27.3,2.3,1003.6,79
2023/7/4,1.0,25.9,3.0,1001.9,75
2023/7/5,0.0,25.2,3.6,1001.5,80
2023/7/6,13.0,26.4,2.6,1000.3,82
2023/7/7,0,28.4,3.3,1006.0,71
2023/7/8,0.0,27.8,4.3,1003.9,77
2023/7/9,0.0,28.6,3.4,1002.6,78
2023/7/10,0,30.2,3.0,1003.1,72
2023/7/11,0,29.4,2.9,1004.9,74
2023/7/12,0.0,30.8,2.5,1002.8,66
2023/7/13,0.0,28.0,2.4,1003.4,67
2023/7/14,0.0,27.4,2.1,1006.4,76
2023/7/15,0.0,28.8,3.6,1005.6,73
2023/7/16,0,30.2,3.0,1007.0,71
2023/7/17,0,31.3,3.0,1010.4,64
2023/7/18,0,31.8,2.5,1008.7,59
2023/7/19,0.0,29.7,3.0,1001.9,74
2023/7/20,0,28.1,3.1,1004.1,71
2023/7/21,0.0,27.2,2.9,1011.6,71
2023/7/22,0,27.2,2.7,1015.2,70
2023/7/23,0,27.7,2.6,1013.8,66
2023/7/24,0,28.5,3.2,1012.1,70
2023/7/25,0,29.8,2.7,1012.4,65
2023/7/26,0,31.0,2.7,1012.7,59
2023/7/27,0,30.6,3.1,1012.2,65
2023/7/28,0,30.4,3.4,1012.9,69
2023/7/29,0,30.0,3.7,1013.6,67
2023/7/30,0,30.3,3.5,1012.5,69
2023/7/31,0,30.7,4.0,1010.5,69
2023/8/1,12.5,26.0,2.5,1010.6,88
2023/8/2,0,28.9,3.7,1009.0,75
2023/8/3,0,30.2,4.0,1007.2,69
2023/8/4,0,31.3,3.0,1004.1,65
2023/8/5,0,30.4,4.3,1002.1,71
2023/8/6,4.0,28.6,4.1,1001.6,81
2023/8/7,0.0,29.4,3.7,1003.6,76
2023/8/8,1.0,30.1,3.3,1006.1,74
2023/8/9,8.0,28.2,3.7,1009.5,90
2023/8/10,0.0,29.5,3.6,1009.6,73
2023/8/11,0.0,29.5,3.1,1005.1,72
2023/8/12,0,29.7,2.5,1001.4,71
2023/8/13,48.5,27.4,2.2,1002.2,94
2023/8/14,22.5,28.6,3.0,1002.2,88
2023/8/15,14.5,28.6,4.2,1002.6,85
2023/8/16,4.5,28.1,4.6,1003.3,86
2023/8/17,0,29.9,3.6,1004.7,77
2023/8/18,0,30.0,3.2,1007.2,77
2023/8/19,0.0,30.3,2.4,1009.2,76
2023/8/20,0,30.3,2.4,1009.3,73
2023/8/21,0.0,29.8,2.6,1008.8,76
2023/8/22,10.5,28.6,2.4,1009.1,87
2023/8/23,2.0,29.4,4.0,1010.1,82
2023/8/24,0.0,29.5,3.9,1010.9,79
2023/8/25,0,29.6,3.8,1009.2,74
2023/8/26,3.5,28.1,2.0,1008.1,81
2023/8/27,1.0,28.0,2.3,1005.6,78
2023/8/28,0,29.2,2.8,1005.4,74
2023/8/29,0,29.4,3.4,1010.6,74
2023/8/30,0,29.6,3.5,1013.1,74
2023/8/31,0,29.0,4.3,1014.1,74
2023/9/1,0,29.2,4.3,1012.1,71
2023/9/2,0,29.6,3.1,1010.3,72
2023/9/3,3.5,29.1,2.8,1010.6,74
2023/9/4,34.0,26.1,2.6,1007.5,96
2023/9/5,0,29.3,3.5,1005.2,77
2023/9/6,0.5,27.5,2.6,1003.6,79
2023/9/7,0.5,27.0,2.5,1007.9,72
2023/9/8,107.5,21.9,3.4,1007.8,98
2023/9/9,1.0,24.8,2.2,1006.8,93
2023/9/10,0,27.8,3.1,1009.1,83
2023/9/11,0,28.1,3.1,1010.1,79
2023/9/12,0,27.7,2.8,1010.0,76
2023/9/13,0.0,28.0,2.4,1010.9,74
2023/9/14,0,28.2,2.8,1009.9,80
2023/9/15,10.5,27.4,2.0,1010.9,88
2023/9/16,0.0,27.9,2.0,1011.5,86
2023/9/17,0,28.7,3.2,1011.5,80
2023/9/18,0,28.9,4.2,1011.6,74
2023/9/19,0,29.0,3.3,1010.1,72
2023/9/20,6.0,27.2,1.9,1009.3,82
2023/9/21,2.0,26.7,4.1,1006.7,87
2023/9/22,59.5,24.8,2.5,1008.1,93
2023/9/23,4.0,22.1,2.6,1012.5,89
2023/9/24,0,22.2,3.0,1017.2,67
2023/9/25,0.0,22.4,2.5,1017.1,69
2023/9/26,0,24.6,2.0,1012.7,71
2023/9/27,0.0,25.3,1.9,1008.1,81
2023/9/28,0,27.4,1.9,1004.7,79
2023/9/29,0.0,26.3,3.0,1009.0,75
2023/9/30,0.0,25.6,2.5,1007.5,77
2023/10/1,0.0,25.6,2.8,1003.4,80
2023/10/2,0,23.3,2.7,1009.4,57
2023/10/3,0,22.8,2.7,1014.6,53
2023/10/4,15.0,18.7,2.3,1010.9,94
2023/10/5,0,20.0,2.6,998.9,76
2023/10/6,0,20.8,4.3,1005.6,38
2023/10/7,0,20.4,3.2,1014.3,41
2023/10/8,0.0,18.1,2.3,1022.3,61
2023/10/9,40.0,15.4,2.8,1016.8,99
2023/10/10,13.0,20.2,2.0,1006.6,82
2023/10/11,0,19.8,2.5,1016.0,59
2023/10/12,0.0,19.4,2.2,1018.5,61
2023/10/13,0,18.5,2.4,1013.7,55
2023/10/14,0.0,18.2,2.1,1008.7,65
2023/10/15,43.5,14.9,2.1,1002.1,99
2023/10/16,0,19.0,2.0,1005.8,74
2023/10/17,0,19.5,2.4,1011.4,56
2023/10/18,0,18.9,1.9,1017.7,66
2023/10/19,0,20.3,2.4,1014.1,71
2023/10/20,0,21.8,3.8,1003.8,66
2023/10/21,0.0,19.0,3.1,1005.8,47
2023/10/22,0,15.9,3.0,1017.6,51
2023/10/23,0,16.7,1.8,1019.2,60
2023/10/24,0,17.7,1.9,1017.6,70
2023/10/25,30.5,17.7,2.0,1012.5,75
2023/10/26,0,16.9,1.8,1010.1,70
2023/10/27,0,17.8,2.0,1007.3,69
2023/10/28,0,17.5,2.1,1006.9,71
2023/10/29,5.0,16.3,2.8,1011.0,63
2023/10/30,0,16.9,2.0,1017.5,62
2023/10/31,0.0,17.2,1.6,1019.7,72
2023/11/1,0,18.0,2.3,1016.8,72
2023/11/2,0,18.2,1.4,1015.1,68
2023/11/3,0,18.8,2.1,1016.3,75